[{"model": "contenttypes.contenttype", "pk": 1, "fields": {"app_label": "admin", "model": "logentry"}}, {"model": "contenttypes.contenttype", "pk": 2, "fields": {"app_label": "auth", "model": "permission"}}, {"model": "contenttypes.contenttype", "pk": 3, "fields": {"app_label": "auth", "model": "group"}}, {"model": "contenttypes.contenttype", "pk": 4, "fields": {"app_label": "contenttypes", "model": "contenttype"}}, {"model": "contenttypes.contenttype", "pk": 5, "fields": {"app_label": "sessions", "model": "session"}}, {"model": "contenttypes.contenttype", "pk": 6, "fields": {"app_label": "simple_email_confirmation", "model": "emailaddress"}}, {"model": "contenttypes.contenttype", "pk": 7, "fields": {"app_label": "authtoken", "model": "token"}}, {"model": "contenttypes.contenttype", "pk": 8, "fields": {"app_label": "user", "model": "user"}}, {"model": "contenttypes.contenttype", "pk": 9, "fields": {"app_label": "content", "model": "category"}}, {"model": "contenttypes.contenttype", "pk": 10, "fields": {"app_label": "content", "model": "genre"}}, {"model": "contenttypes.contenttype", "pk": 11, "fields": {"app_label": "content", "model": "title"}}, {"model": "contenttypes.contenttype", "pk": 12, "fields": {"app_label": "content", "model": "review"}}, {"model": "contenttypes.contenttype", "pk": 13, "fields": {"app_label": "content", "model": "comment"}}, {"model": "sessions.session", "pk": "1k4z0zenbyhiz3oo7dbmp17lbhsux7rc", "fields": {"session_data": "YzA3MWNiOGYxNmE5MTQ2NjQ0MzhiMmM3OGUwZGVhMTAwYjE3MDIyMTp7Il9hdXRoX3VzZXJfaWQiOiIxIiwiX2F1dGhfdXNlcl9iYWNrZW5kIjoiZGphbmdvLmNvbnRyaWIuYXV0aC5iYWNrZW5kcy5Nb2RlbEJhY2tlbmQiLCJfYXV0aF91c2VyX2hhc2giOiI4NDk0ZWRhNWQyZjE1NDFlNWI0YTBiMDEwNThiYThmOGE4M2YxMzkzIn0=", "expire_date": "2020-11-17T00:16:26.506Z"}}, {"model": "sessions.session", "pk": "cozb4pfyxzti2mlrqz1jlst24i8m1wcd", "fields": {"session_data": "YzA3MWNiOGYxNmE5MTQ2NjQ0MzhiMmM3OGUwZGVhMTAwYjE3MDIyMTp7Il9hdXRoX3VzZXJfaWQiOiIxIiwiX2F1dGhfdXNlcl9iYWNrZW5kIjoiZGphbmdvLmNvbnRyaWIuYXV0aC5iYWNrZW5kcy5Nb2RlbEJhY2tlbmQiLCJfYXV0aF91c2VyX2hhc2giOiI4NDk0ZWRhNWQyZjE1NDFlNWI0YTBiMDEwNThiYThmOGE4M2YxMzkzIn0=", "expire_date": "2020-11-17T19:10:08.802Z"}}, {"model": "content.category", "pk": 1, "fields": {"name": "Movie", "slug": "movie"}}, {"model": "content.category", "pk": 2, "fields": {"name": "Book", "slug": "book"}}, {"model": "content.category", "pk": 3, "fields": {"name": "Music", "slug": "music"}}, {"model": "content.genre", "pk": 1, "fields": {"name": "Drama", "slug": "drama"}}, {"model": "content.genre", "pk": 2, "fields": {"name": "Comedy", "slug": "comedy"}}, {"model": "content.genre", "pk": 3, "fields": {"name": "Western", "slug": "western"}}, {"model": "content.genre", "pk": 4, "fields": {"name": "Fantasy", "slug": "fantasy"}}, {"model": "content.genre", "pk": 5, "fields": {"name": "Science Fiction", "slug": "sci-fi"}}, {"model": "content.genre", "pk": 6, "fields": {"name": "Detective", "slug": "detective"}}, {"model": "content.genre", "pk": 7, "fields": {"name": "Thriller", "slug": "thriller"}}, {"model": "content.genre", "pk": 8, "fields": {"name": "Tale", "slug": "tale"}}, {"model": "content.genre", "pk": 9, "fields": {"name": "Gonzo", "slug": "gonzo"}}, {"model": "content.genre", "pk": 10, "fields": {"name": "Romance", "slug": "roman"}}, {"model": "content.genre", "pk": 11, "fields": {"name": "Ballad", "slug": "ballad"}}, {"model": "content.genre", "pk": 12, "fields": {"name": "Rock-n-roll", "slug": "rock-n-roll"}}, {"model": "content.genre", "pk": 13, "fields": {"name": "Classic", "slug": "classical"}}, {"model": "content.genre", "pk": 14, "fields": {"name": "Rock", "slug": "rock"}}, {"model": "content.genre", "pk": 15, "fields": {"name": "Chanson", "slug": "chanson"}}, {"model": "content.title", "pk": 1, "fields": {"name": "The Shawshank Redemption", "year": 1994, "category": 1, "description": "", "genre": [1]}}, {"model": "content.title", "pk": 2, "fields": {"name": "The Godfather", "year": 1972, "category": 1, "description": "", "genre": [1]}}, {"model": "content.title", "pk": 3, "fields": {"name": "12 Angry Men", "year": 1957, "category": 1, "description": "", "genre": [1]}}, {"model": "content.title", "pk": 4, "fields": {"name": "Schindler's List", "year": 1993, "category": 1, "description": "", "genre": [1]}}, {"model": "content.title", "pk": 5, "fields": {"name": "Pulp Fiction", "year": 1994, "category": 1, "description": "", "genre": [2, 6, 7]}}, {"model": "content.title", "pk": 6, "fields": {"name": "The Good, the Bad and the Ugly", "year": 1966, "category": 1, "description": "", "genre": [3]}}, {"model": "content.title", "pk": 7, "fields": {"name": "The Lord of the Rings: The Fellowship of the Ring", "year": 2001, "category": 1, "description": "", "genre": [4]}}, {"model": "content.title", "pk": 8, "fields": {"name": "Fight Club", "year": 1999, "category": 1, "description": "", "genre": [7]}}, {"model": "content.title", "pk": 9, "fields": {"name": "Forrest Gump", "year": 1994, "category": 1, "description": "", "genre": [2, 1]}}, {"model": "content.title", "pk": 10, "fields": {"name": "The Empire Strikes Back", "year": 1980, "category": 1, "description": "", "genre": [4]}}, {"model": "content.title", "pk": 11, "fields": {"name": "The Lord of the Rings: The Two Towers", "year": 2002, "category": 1, "description": "", "genre": [4]}}, {"model": "content.title", "pk": 12, "fields": {"name": "The Matrix", "year": 1999, "category": 1, "description": "", "genre": [6, 1, 5, 8]}}, {"model": "content.title", "pk": 13, "fields": {"name": "One Flew Over the Cuckoo's Nest", "year": 1975, "category": 1, "description": "", "genre": [1]}}, {"model": "content.title", "pk": 14, "fields": {"name": "Back to the Future", "year": 1985, "category": 1, "description": "", "genre": [5]}}, {"model": "content.title", "pk": 15, "fields": {"name": "Operation Y and Shurik's Other Adventures", "year": 1965, "category": 1, "description": "", "genre": [2, 6, 8]}}, {"model": "content.title", "pk": 16, "fields": {"name": "Lock, Stock and Two Smoking Barrels", "year": 1998, "category": 1, "description": "", "genre": [2]}}, {"model": "content.title", "pk": 17, "fields": {"name": "Gentlemen of Fortune", "year": 1971, "category": 1, "description": "", "genre": [2]}}, {"model": "content.title", "pk": 18, "fields": {"name": "Django Unchained", "year": 2012, "category": 1, "description": "", "genre": [1]}}, {"model": "content.title", "pk": 19, "fields": {"name": "Generation P", "year": 2011, "category": 1, "description": "", "genre": [1]}}, {"model": "content.title", "pk": 20, "fields": {"name": "Kolobok", "year": 1873, "category": 2, "description": "", "genre": [8, 7]}}, {"model": "content.title", "pk": 21, "fields": {"name": "Fear and Loathing in Las Vegas", "year": 1971, "category": 2, "description": "", "genre": [9]}}, {"model": "content.title", "pk": 22, "fields": {"name": "War and Peace", "year": 1865, "category": 2, "description": "", "genre": [10]}}, {"model": "content.title", "pk": 23, "fields": {"name": "Ulysses", "year": 1918, "category": 2, "description": "", "genre": [10]}}, {"model": "content.title", "pk": 24, "fields": {"name": "Generation P", "year": 1999, "category": 2, "description": "", "genre": [10]}}, {"model": "content.title", "pk": 25, "fields": {"name": "Winnie-the-Pooh", "year": 1926, "category": 2, "description": "", "genre": [8]}}, {"model": "content.title", "pk": 26, "fields": {"name": "Stas Mihaylov - Call sign of love", "year": 2004, "category": 3, "description": "", "genre": [15]}}, {"model": "content.title", "pk": 27, "fields": {"name": "Led Zeppelin \u2014 Stairway to Heaven", "year": 1971, "category": 3, "description": "", "genre": [11, 14]}}, {"model": "content.title", "pk": 28, "fields": {"name": "Jethro Tull - Aqualung", "year": 1971, "category": 3, "description": "", "genre": [11]}}, {"model": "content.title", "pk": 29, "fields": {"name": "Elvis Presley - Blue Suede Shoes", "year": 1955, "category": 3, "description": "", "genre": [12]}}, {"model": "content.title", "pk": 30, "fields": {"name": "Deep Purple \u2014 Smoke on the Water", "year": 1971, "category": 3, "description": "", "genre": [14]}}, {"model": "content.title", "pk": 31, "fields": {"name": "W. A. Mozart - Turkish March", "year": 1784, "category": 3, "description": "", "genre": [13]}}, {"model": "content.title", "pk": 32, "fields": {"name": "J.S.Bach. Orchestral Suite \u21162 h moll", "year": 1739, "category": 3, "description": "", "genre": [13]}}, {"model": "auth.permission", "pk": 1, "fields": {"name": "Can add log entry", "content_type": 1, "codename": "add_logentry"}}, {"model": "auth.permission", "pk": 2, "fields": {"name": "Can change log entry", "content_type": 1, "codename": "change_logentry"}}, {"model": "auth.permission", "pk": 3, "fields": {"name": "Can delete log entry", "content_type": 1, "codename": "delete_logentry"}}, {"model": "auth.permission", "pk": 4, "fields": {"name": "Can view log entry", "content_type": 1, "codename": "view_logentry"}}, {"model": "auth.permission", "pk": 5, "fields": {"name": "Can add permission", "content_type": 2, "codename": "add_permission"}}, {"model": "auth.permission", "pk": 6, "fields": {"name": "Can change permission", "content_type": 2, "codename": "change_permission"}}, {"model": "auth.permission", "pk": 7, "fields": {"name": "Can delete permission", "content_type": 2, "codename": "delete_permission"}}, {"model": "auth.permission", "pk": 8, "fields": {"name": "Can view permission", "content_type": 2, "codename": "view_permission"}}, {"model": "auth.permission", "pk": 9, "fields": {"name": "Can add group", "content_type": 3, "codename": "add_group"}}, {"model": "auth.permission", "pk": 10, "fields": {"name": "Can change group", "content_type": 3, "codename": "change_group"}}, {"model": "auth.permission", "pk": 11, "fields": {"name": "Can delete group", "content_type": 3, "codename": "delete_group"}}, {"model": "auth.permission", "pk": 12, "fields": {"name": "Can view group", "content_type": 3, "codename": "view_group"}}, {"model": "auth.permission", "pk": 13, "fields": {"name": "Can add content type", "content_type": 4, "codename": "add_contenttype"}}, {"model": "auth.permission", "pk": 14, "fields": {"name": "Can change content type", "content_type": 4, "codename": "change_contenttype"}}, {"model": "auth.permission", "pk": 15, "fields": {"name": "Can delete content type", "content_type": 4, "codename": "delete_contenttype"}}, {"model": "auth.permission", "pk": 16, "fields": {"name": "Can view content type", "content_type": 4, "codename": "view_contenttype"}}, {"model": "auth.permission", "pk": 17, "fields": {"name": "Can add session", "content_type": 5, "codename": "add_session"}}, {"model": "auth.permission", "pk": 18, "fields": {"name": "Can change session", "content_type": 5, "codename": "change_session"}}, {"model": "auth.permission", "pk": 19, "fields": {"name": "Can delete session", "content_type": 5, "codename": "delete_session"}}, {"model": "auth.permission", "pk": 20, "fields": {"name": "Can view session", "content_type": 5, "codename": "view_session"}}, {"model": "auth.permission", "pk": 21, "fields": {"name": "Can add email address", "content_type": 6, "codename": "add_emailaddress"}}, {"model": "auth.permission", "pk": 22, "fields": {"name": "Can change email address", "content_type": 6, "codename": "change_emailaddress"}}, {"model": "auth.permission", "pk": 23, "fields": {"name": "Can delete email address", "content_type": 6, "codename": "delete_emailaddress"}}, {"model": "auth.permission", "pk": 24, "fields": {"name": "Can view email address", "content_type": 6, "codename": "view_emailaddress"}}, {"model": "auth.permission", "pk": 25, "fields": {"name": "Can add Token", "content_type": 7, "codename": "add_token"}}, {"model": "auth.permission", "pk": 26, "fields": {"name": "Can change Token", "content_type": 7, "codename": "change_token"}}, {"model": "auth.permission", "pk": 27, "fields": {"name": "Can delete Token", "content_type": 7, "codename": "delete_token"}}, {"model": "auth.permission", "pk": 28, "fields": {"name": "Can view Token", "content_type": 7, "codename": "view_token"}}, {"model": "auth.permission", "pk": 29, "fields": {"name": "Can add User", "content_type": 8, "codename": "add_user"}}, {"model": "auth.permission", "pk": 30, "fields": {"name": "Can change User", "content_type": 8, "codename": "change_user"}}, {"model": "auth.permission", "pk": 31, "fields": {"name": "Can delete User", "content_type": 8, "codename": "delete_user"}}, {"model": "auth.permission", "pk": 32, "fields": {"name": "Can view User", "content_type": 8, "codename": "view_user"}}, {"model": "auth.permission", "pk": 33, "fields": {"name": "Can add Category", "content_type": 9, "codename": "add_category"}}, {"model": "auth.permission", "pk": 34, "fields": {"name": "Can change Category", "content_type": 9, "codename": "change_category"}}, {"model": "auth.permission", "pk": 35, "fields": {"name": "Can delete Category", "content_type": 9, "codename": "delete_category"}}, {"model": "auth.permission", "pk": 36, "fields": {"name": "Can view Category", "content_type": 9, "codename": "view_category"}}, {"model": "auth.permission", "pk": 37, "fields": {"name": "Can add Genre", "content_type": 10, "codename": "add_genre"}}, {"model": "auth.permission", "pk": 38, "fields": {"name": "Can change Genre", "content_type": 10, "codename": "change_genre"}}, {"model": "auth.permission", "pk": 39, "fields": {"name": "Can delete Genre", "content_type": 10, "codename": "delete_genre"}}, {"model": "auth.permission", "pk": 40, "fields": {"name": "Can view Genre", "content_type": 10, "codename": "view_genre"}}, {"model": "auth.permission", "pk": 41, "fields": {"name": "Can add Title", "content_type": 11, "codename": "add_title"}}, {"model": "auth.permission", "pk": 42, "fields": {"name": "Can change Title", "content_type": 11, "codename": "change_title"}}, {"model": "auth.permission", "pk": 43, "fields": {"name": "Can delete Title", "content_type": 11, "codename": "delete_title"}}, {"model": "auth.permission", "pk": 44, "fields": {"name": "Can view Title", "content_type": 11, "codename": "view_title"}}, {"model": "auth.permission", "pk": 45, "fields": {"name": "Can add Review", "content_type": 12, "codename": "add_review"}}, {"model": "auth.permission", "pk": 46, "fields": {"name": "Can change Review", "content_type": 12, "codename": "change_review"}}, {"model": "auth.permission", "pk": 47, "fields": {"name": "Can delete Review", "content_type": 12, "codename": "delete_review"}}, {"model": "auth.permission", "pk": 48, "fields": {"name": "Can view Review", "content_type": 12, "codename": "view_review"}}, {"model": "auth.permission", "pk": 49, "fields": {"name": "Can add Comment", "content_type": 13, "codename": "add_comment"}}, {"model": "auth.permission", "pk": 50, "fields": {"name": "Can change Comment", "content_type": 13, "codename": "change_comment"}}, {"model": "auth.permission", "pk": 51, "fields": {"name": "Can delete Comment", "content_type": 13, "codename": "delete_comment"}}, {"model": "auth.permission", "pk": 52, "fields": {"name": "Can view Comment", "content_type": 13, "codename": "view_comment"}}, {"model": "user.user", "pk": 1, "fields": {"password": "pbkdf2_sha256$180000$p7rCENtErKyL$0YdeMZY8SipfM8jyvOE5ixvRIConx3zrSUBnFMUy9Q0=", "last_login": "2020-11-03T19:10:08.761Z", "is_superuser": true, "username": "Olifirovai", "first_name": "", "last_name": "", "email": "golubtsovairinas@gmail.com", "is_staff": true, "is_active": true, "date_joined": "2020-11-03T00:00:23.654Z", "bio": "", "role": "user", "groups": [], "user_permissions": []}}, {"model": "user.user", "pk": 100, "fields": {"password": "", "last_login": null, "is_superuser": false, "username": "bingobongo", "first_name": "", "last_name": "", "email": "bingobongo@yamdb.fake", "is_staff": false, "is_active": true, "date_joined": "2020-11-03T23:02:07.603Z", "bio": "", "role": "user", "groups": [], "user_permissions": []}}, {"model": "user.user", "pk": 101, "fields": {"password": "", "last_login": null, "is_superuser": false, "username": "capt_obvious", "first_name": "", "last_name": "", "email": "capt_obvious@yamdb.fake", "is_staff": false, "is_active": true, "date_joined": "2020-11-03T23:02:07.612Z", "bio": "", "role": "admin", "groups": [], "user_permissions": []}}, {"model": "user.user", "pk": 102, "fields": {"password": "", "last_login": null, "is_superuser": false, "username": "faust", "first_name": "", "last_name": "", "email": "faust@yamdb.fake", "is_staff": false, "is_active": true, "date_joined": "2020-11-03T23:02:07.619Z", "bio": "", "role": "user", "groups": [], "user_permissions": []}}, {"model": "user.user", "pk": 103, "fields": {"password": "", "last_login": null, "is_superuser": false, "username": "reviewer", "first_name": "", "last_name": "", "email": "reviewer@yamdb.fake", "is_staff": false, "is_active": true, "date_joined": "2020-11-03T23:02:07.627Z", "bio": "", "role": "user", "groups": [], "user_permissions": []}}, {"model": "user.user", "pk": 104, "fields": {"password": "", "last_login": null, "is_superuser": false, "username": "angry", "first_name": "", "last_name": "", "email": "angry@yamdb.fake", "is_staff": false, "is_active": true, "date_joined": "2020-11-03T23:02:07.634Z", "bio": "", "role": "moderator", "groups": [], "user_permissions": []}}, {"model": "content.review", "pk": 1, "fields": {"title": 1, "text": "I give ten stars!\n...These voices were purer and lighter than those who dreamed of in this grey, miserable place. As if two birds flew in and with their voices scattered the walls of our cells, and for a short moment every person in Shawshank felt free.", "author": 100, "score": 10, "pub_date": "2020-11-03T23:38:47.167Z"}}, {"model": "content.review", "pk": 2, "fields": {"title": 1, "text": "Don't get used to it. \"These walls are funny. First you hate 'em, then you get used to 'em. Enough time passes, you get so you depend on them.\"", "author": 101, "score": 10, "pub_date": "2020-11-03T23:38:47.181Z"}}, {"model": "content.review", "pk": 3, "fields": {"title": 2, "text": "The film, stripped down into quotations, is worthy of the highest estimation. Ten plus ( unfortunately there is no plus). \"Now you come and say \"Don Corleone, give me justice.\" But you don't ask with respect. You don't offer friendship. You don't even think to call me \"Godfather.\" \"", "author": 102, "score": 10, "pub_date": "2020-11-03T23:38:47.197Z"}}, {"model": "content.review", "pk": 4, "fields": {"title": 2, "text": "Cruel, cruel, cruel world, this is not what we dreamed of in our childhood!111 *** Luca Brasi held a gun to his head, and my father assured him that either his brains or his signature would be on the contract. ***", "author": 103, "score": 1, "pub_date": "2020-11-03T23:38:47.210Z"}}, {"model": "content.review", "pk": 5, "fields": {"title": 2, "text": "These are my neighbors! I give three stars for the fact that they twice squeezed my fingers with the window: \n---------------------- \n- Do you live in a bad area? \n- Not a that word. Once a police car with two policemen was stolen from our street. Thieves come into the house all the time. Every time I try to close a window, I pinch someone's fingers.", "author": 104, "score": 3, "pub_date": "2020-11-03T23:38:47.217Z"}}, {"model": "content.review", "pk": 6, "fields": {"title": 5, "text": "\u0412\u0441\u0451, \u043a\u0430\u043a \u0432 \u0440\u0430\u0437\u043d\u044b\u0445 \u044f\u0437\u044b\u043a\u0430\u0445 \u043f\u0440\u043e\u0433\u0440\u0430\u043c\u043c\u0438\u0440\u043e\u0432\u0430\u043d\u0438\u044f! \u0412 \u043e\u0441\u043d\u043e\u0432\u043d\u043e\u043c \u2014 \u043f\u043e\u0445\u043e\u0436\u0435, \u043d\u043e \u0432\u043e\u0442 \u044d\u0442\u0438 \u043c\u0430\u043b\u0435\u043d\u044c\u043a\u0438\u0435 \u0440\u0430\u0437\u043b\u0438\u0447\u0438\u044f \u0432\u044b\u0432\u043e\u0434\u044f\u0442 \u0438\u0437 \u0441\u0435\u0431\u044f. \n\u0412\u0435\u043b\u0438\u043a\u0438\u0439 \u0444\u0438\u043b\u044c\u043c \u043d\u0430 \u0432\u0441\u0435 \u0441\u043b\u0443\u0447\u0430\u0438 \u0436\u0438\u0437\u043d\u0438!\n=====================================================\n\u2014 \u0410 \u0437\u043d\u0430\u0435\u0448\u044c, \u043a\u0430\u043a \u0432 \u041f\u0430\u0440\u0438\u0436\u0435 \u043d\u0430\u0437\u044b\u0432\u0430\u044e\u0442 \u0447\u0435\u0442\u0432\u0435\u0440\u0442\u044c\u0444\u0443\u043d\u0442\u043e\u0432\u044b\u0439 \u0447\u0438\u0437\u0431\u0443\u0440\u0433\u0435\u0440?\n\u2014 \u0427\u0442\u043e, \u043e\u043d\u0438 \u043d\u0435 \u0437\u043e\u0432\u0443\u0442 \u0435\u0433\u043e \u0447\u0435\u0442\u0432\u0435\u0440\u0442\u044c\u0444\u0443\u043d\u0442\u043e\u0432\u044b\u0439 \u0447\u0438\u0437\u0431\u0443\u0440\u0433\u0435\u0440?\n\u2014 \u0423 \u043d\u0438\u0445 \u0442\u0430\u043c \u043c\u0435\u0442\u0440\u0438\u0447\u0435\u0441\u043a\u0430\u044f \u0441\u0438\u0441\u0442\u0435\u043c\u0430. \u041e\u043d\u0438 \u0432\u043e\u043e\u0431\u0449\u0435 \u0442\u0430\u043c \u043d\u0435 \u043f\u043e\u043d\u0438\u043c\u0430\u044e\u0442, \u0447\u0442\u043e \u0437\u0430 \u0445\u0440\u0435\u043d \u0447\u0435\u0442\u0432\u0435\u0440\u0442\u044c \u0444\u0443\u043d\u0442\u0430.\n\u2014 \u0418 \u043a\u0430\u043a \u043e\u043d\u0438 \u0435\u0433\u043e \u0437\u043e\u0432\u0443\u0442?\n\u2014 \u041e\u043d\u0438 \u0437\u043e\u0432\u0443\u0442 \u0435\u0433\u043e \u00ab\u0420\u043e\u044f\u043b \u0447\u0438\u0437\u0431\u0443\u0440\u0433\u0435\u0440\u00bb.\n\u2014 \u00ab\u0420\u043e\u044f\u043b \u0447\u0438\u0437\u0431\u0443\u0440\u0433\u0435\u0440\u00bb? \u0410 \u043a\u0430\u043a \u0436\u0435 \u0442\u043e\u0433\u0434\u0430 \u043e\u043d\u0438 \u0437\u043e\u0432\u0443\u0442 \u00ab\u0411\u0438\u0433 \u041c\u0430\u043a\u00bb?\n\u2014 \u00ab\u0411\u0438\u0433 \u041c\u0430\u043a\u00bb \u044d\u0442\u043e \u00ab\u0411\u0438\u0433 \u041c\u0430\u043a\u00bb, \u0442\u043e\u043b\u044c\u043a\u043e \u043e\u043d\u0438 \u043d\u0430\u0437\u044b\u0432\u0430\u044e\u0442 \u0435\u0433\u043e \u00ab\u041b\u0451 \u0411\u0438\u0433 \u041c\u0430\u043a\u00bb.", "author": 100, "score": 8, "pub_date": "2020-11-03T23:38:47.222Z"}}, {"model": "content.review", "pk": 7, "fields": {"title": 5, "text": "\u041d\u0438\u0447\u0435\u0433\u043e \u043d\u0435 \u043f\u043e\u043d\u044f\u0442\u043d\u043e. \u041e\u043d\u0438 \u0442\u0430\u043c \u0447\u0442\u043e, \u0441\u0442\u0440\u0430\u043d\u0438\u0446\u044b \u0441\u0446\u0435\u043d\u0430\u0440\u0438\u044f \u043f\u0435\u0440\u0435\u043f\u0443\u0442\u0430\u043b\u0438? \u0415\u0433\u043e \u0441\u043f\u0435\u0440\u0432\u0430 \u0443\u0431\u0438\u043b\u0438, \u0430 \u043f\u043e\u0442\u043e\u043c \u043e\u043d \u043e\u043f\u044f\u0442\u044c \u0436\u0438\u0432, \u0430 \u043e\u043d\u0438 \u0441\u043f\u0435\u0440\u0432\u0430 \u0432 \u0444\u0443\u0442\u0431\u043e\u043b\u043a\u0430\u0445, \u043f\u043e\u0442\u043e\u043c \u0432 \u043a\u043e\u0441\u0442\u044e\u043c\u0430\u0445, \u0430 \u043f\u043e\u0442\u043e\u043c \u043e\u043f\u044f\u0442\u044c \u0432 \u0444\u0443\u0442\u0431\u043e\u043b\u043a\u0430\u0445. \u0415\u0440\u0443\u043d\u0434\u0430 \u043f\u043e\u043b\u043d\u0430\u044f", "author": 101, "score": 1, "pub_date": "2020-11-03T23:38:47.227Z"}}, {"model": "content.review", "pk": 8, "fields": {"title": 5, "text": "\u041e\u0447\u0435\u043d\u044c \u043f\u043e\u0443\u0447\u0438\u0442\u0435\u043b\u044c\u043d\u044b\u0439 \u0444\u0438\u043b\u044c\u043c \u043e \u0442\u043e\u043c, \u0447\u0442\u043e \u0442\u0430\u043a\u043e\u0435 \u0445\u043e\u0440\u043e\u0448\u043e, \u0447\u0442\u043e \u0442\u0430\u043a\u043e\u0435 \u043f\u043b\u043e\u0445\u043e \u0438 \u043f\u043e\u0447\u0435\u043c\u0443 \u043d\u0435 \u043d\u0430\u0434\u043e \u0447\u0438\u0442\u0430\u0442\u044c \u0432 \u0442\u0443\u0430\u043b\u0435\u0442\u0435.\n\u0422\u0432\u0435\u0440\u0434\u0430\u044f \u0432\u043e\u0441\u044c\u043c\u0451\u0440\u043a\u0430", "author": 102, "score": 8, "pub_date": "2020-11-03T23:38:47.233Z"}}, {"model": "content.review", "pk": 9, "fields": {"title": 6, "text": "\u041f\u043e\u0441\u043c\u043e\u0442\u0440\u0435\u043b \u0444\u0438\u043b\u044c\u043c. \n\u2014 \u041d\u0430 \u0441\u0432\u0435\u0442\u0435 \u0435\u0441\u0442\u044c \u0434\u0432\u0430 \u0442\u0438\u043f\u0430 \u043b\u044e\u0434\u0435\u0439: \u0442\u0435, \u043a\u0442\u043e \u043a\u043e\u043f\u0430\u0435\u0442 \u0438 \u0442\u0435, \u0443 \u043a\u043e\u0433\u043e \u0437\u0430\u0440\u044f\u0436\u0435\u043d \u0440\u0435\u0432\u043e\u043b\u044c\u0432\u0435\u0440.\n\u041f\u043e\u0439\u0434\u0443 \u043a\u043e\u043f\u0430\u0442\u044c, \u043a\u0430\u043a \u0432\u0435\u043b\u0435\u043b \u041a\u043b\u0438\u043d\u0442. \n\u0414\u0435\u0432\u044f\u0442\u044c \u0431\u0430\u043b\u043b\u043e\u0432.", "author": 103, "score": 9, "pub_date": "2020-11-03T23:38:47.238Z"}}, {"model": "content.review", "pk": 10, "fields": {"title": 6, "text": "\u0412\u0435\u0447\u043d\u0430\u044f \u043f\u0440\u043e\u0431\u043b\u0435\u043c\u0430 \u0432\u0441\u0435\u0445 \u0437\u043b\u043e\u0434\u0435\u0435\u0432, \u0431\u043e\u043b\u0442\u0430\u044e\u0449\u0438\u0445-\u0431\u043e\u043b\u0442\u0430\u044e\u0449\u0438\u0445-\u0431\u043e\u043b\u0442\u0430\u044e\u0449\u0438\u0445 \u0432\u043c\u0435\u0441\u0442\u043e \u0442\u043e\u0433\u043e, \u0447\u0442\u043e\u0431\u044b \u043f\u0440\u043e\u0441\u0442\u043e \u0437\u0430\u0441\u0442\u0440\u0435\u043b\u0438\u0442\u044c \u043f\u0440\u043e\u0442\u0438\u0432\u043d\u0438\u043a\u0430, \u043e\u0434\u043d\u0438\u043c \u043c\u0430\u0445\u043e\u043c \u0440\u0435\u0448\u0435\u043d\u0430 \u0432 \u044d\u0442\u043e\u0439 \u0441\u0446\u0435\u043d\u0435.\n\u0417\u0430 \u043e\u0434\u043d\u043e \u044d\u0442\u043e \u0444\u0438\u043b\u044c\u043c \u0437\u0430\u0441\u043b\u0443\u0436\u0438\u0432\u0430\u0435\u0442 \u0432\u044b\u0441\u0448\u0435\u0433\u043e \u0431\u0430\u043b\u043b\u0430\n\"\u041f\u0440\u0438\u0448\u0435\u043b \u0441\u0442\u0440\u0435\u043b\u044f\u0442\u044c - \u0441\u0442\u0440\u0435\u043b\u044f\u0439, \u0430 \u043d\u0435 \u0431\u043e\u043b\u0442\u0430\u0439!\"", "author": 104, "score": 10, "pub_date": "2020-11-03T23:38:47.243Z"}}, {"model": "content.review", "pk": 11, "fields": {"title": 6, "text": "\u0424\u0438\u043b\u044c\u043c \u043f\u0440\u043e \u0436\u0430\u0434\u043d\u044b\u0445, \u043a\u043e\u0440\u044b\u0441\u0442\u043d\u044b\u0445, \u0433\u0440\u044f\u0437\u043d\u044b\u0445 \u0438 \u0431\u0435\u0437\u043d\u0440\u0430\u0432\u0441\u0442\u0432\u0435\u043d\u043d\u044b\u0445 \u043b\u044e\u0434\u0435\u0439, \u0447\u0435\u043c\u0443 \u043e\u043d \u043c\u043e\u0436\u0435\u0442 \u043d\u0430\u0443\u0447\u0438\u0442\u044c \u0437\u0440\u0438\u0442\u0435\u043b\u044f?!!", "author": 100, "score": 2, "pub_date": "2020-11-03T23:38:47.251Z"}}, {"model": "content.review", "pk": 12, "fields": {"title": 14, "text": "\u041d\u0435\u0434\u0430\u0432\u043d\u043e \u0438\u043c\u0435\u043d\u043d\u043e \u0442\u0430\u043a \u044f \u0438\u0437\u043e\u0431\u0440\u0451\u043b \u0432\u0435\u0447\u043d\u044b\u0439 \u0434\u0432\u0438\u0433\u0430\u0442\u0435\u043b\u044c! \u0427\u0438\u0441\u0442\u0430\u044f \u043f\u0440\u0430\u0432\u0434\u0430 \u0432 \u0444\u0438\u043b\u044c\u043c\u0435, \u043f\u043e\u0447\u0435\u043c\u0443 \u043e\u043d \u043d\u0430\u0437\u0432\u0430\u043d \"\u0444\u0430\u043d\u0442\u0430\u0441\u0442\u0438\u043a\u043e\u0439\", \u044d\u0442\u043e \u0436\u0435 \u043f\u043e\u043b\u043d\u0435\u0439\u0448\u0438\u0439 \u0440\u0435\u0430\u043b\u0438\u0437\u043c!\n\u0412\u043e\u0442 \u0446\u0438\u0442\u0430\u0442\u0430. \u041d\u043e \u0437\u0430\u0447\u0435\u043c \u0435\u043c\u0443 \u0447\u0430\u0441\u044b \u0432 \u0443\u0431\u043e\u0440\u043d\u043e\u0439?!\n\u2014 \u0412 \u0442\u043e\u0442 \u0434\u0435\u043d\u044c \u044f \u0438\u0437\u043e\u0431\u0440\u0451\u043b \u043f\u0443\u0442\u0435\u0448\u0435\u0441\u0442\u0432\u0438\u0435 \u0432\u043e \u0432\u0440\u0435\u043c\u0435\u043d\u0438! \u041a\u0430\u043a \u0441\u0435\u0439\u0447\u0430\u0441 \u043f\u043e\u043c\u043d\u044e\u2026 \u042f \u0441\u0442\u043e\u044f\u043b \u043d\u0430 \u0443\u043d\u0438\u0442\u0430\u0437\u0435 \u0438 \u0432\u0435\u0448\u0430\u043b \u0447\u0430\u0441\u044b. \u0412\u0434\u0440\u0443\u0433 \u043f\u043e\u0434\u0441\u043a\u043e\u043b\u044c\u0437\u043d\u0443\u043b\u0441\u044f, \u0443\u0434\u0430\u0440\u0438\u043b\u0441\u044f \u0433\u043e\u043b\u043e\u0432\u043e\u0439 \u043e \u0440\u0430\u043a\u043e\u0432\u0438\u043d\u0443", "author": 101, "score": 8, "pub_date": "2020-11-03T23:38:47.256Z"}}, {"model": "content.review", "pk": 13, "fields": {"title": 14, "text": "\u0412\u0435\u043b\u0438\u043a\u0438\u0439 \u0444\u0438\u043b\u044c\u043c, \u0436\u0430\u043b\u044c \u0442\u043e\u043b\u044c\u043a\u043e, \u0447\u0442\u043e \u0431\u0443\u0434\u0443\u0449\u0435\u0435, \u043a\u043e\u0442\u043e\u0440\u043e\u0435 \u0432 \u043d\u0451\u043c \u043f\u043e\u043a\u0430\u0437\u0430\u043d\u043e, \u0443\u0436\u0435 \u0432 \u043f\u0440\u043e\u0448\u043b\u043e\u043c. \u041d\u043e \u043f\u0440\u043e\u0431\u043b\u0435\u043c\u044b \u0432\u0441\u0451 \u0442\u0435\u0436\u0435, \u0432\u043e\u0442 \u043a\u0430\u043a \u044d\u0442\u0430, \u043d\u0430\u043f\u0440\u0438\u043c\u0435\u0440: \u00ab\u0414\u043e\u043a, \u043f\u043e\u0441\u043b\u0443\u0448\u0430\u0439, \u0432\u0441\u0451, \u0447\u0442\u043e \u043d\u0430\u043c \u043d\u0443\u0436\u043d\u043e \u2014 \u044d\u0442\u043e \u043d\u0435\u043c\u043d\u043e\u0433\u043e \u043f\u043b\u0443\u0442\u043e\u043d\u0438\u044f!\u00bb\n\u0412\u0441\u0435\u0433\u0434\u0430 \u043d\u0435 \u0445\u0432\u0430\u0442\u0430\u0435\u0442 \u043a\u0430\u043a\u043e\u0439-\u043d\u0438\u0431\u0443\u0434\u044c \u043c\u0435\u043b\u043e\u0447\u0438. \u0421\u0435\u043c\u0451\u0440\u043a\u0430 \u0437\u0430 \u0442\u043e, \u0447\u0442\u043e \u0431\u0443\u0434\u0443\u0449\u0435\u0435 \u043e\u043a\u0430\u0437\u0430\u043b\u043e\u0441\u044c \u043d\u0435 \u0442\u0430\u043a\u0438\u043c, \u043a\u0430\u043a \u043e\u0431\u0435\u0449\u0430\u043b\u0438.", "author": 102, "score": 7, "pub_date": "2020-11-03T23:38:47.260Z"}}, {"model": "content.review", "pk": 14, "fields": {"title": 14, "text": "\u0411\u0443\u0434\u0443\u0449\u0435\u0435 \u0432\u044b\u0433\u043b\u044f\u0434\u0438\u0442 \u0441\u0442\u0440\u0430\u043d\u043d\u043e \u0438 \u043d\u0435\u043e\u0436\u0438\u0434\u0430\u043d\u043d\u043e, \u0442\u043e\u0436\u0435 \u043c\u043d\u0435, \u0431\u0438\u043d\u043e\u043c \u041d\u044c\u044e\u0442\u043e\u043d\u0430. \u041d\u043e \u0434\u0438\u0430\u043b\u043e\u0433 \u043f\u0440\u0435\u043a\u0440\u0430\u0441\u0435\u043d, \u0438 \u0437\u0430 \u044d\u0442\u043e \u043d\u0435 \u0441\u0442\u0430\u043d\u0443 \u0441\u0438\u043b\u044c\u043d\u043e \u043c\u0438\u043d\u0443\u0441\u043e\u0432\u0430\u0442\u044c.\n-- Then tell me, future boy, who's President of the United States in 1985?\n-- Ronald Reagan.\n-- Ronald Reagan? The actor? Then who's vice president? Jerry Lewis?", "author": 103, "score": 4, "pub_date": "2020-11-03T23:38:47.267Z"}}, {"model": "content.review", "pk": 15, "fields": {"title": 17, "text": "\u041d\u0435\u0443\u0436\u0435\u043b\u0438 \u0438\u0437 \u0442\u044e\u0440\u044c\u043c\u044b \u0442\u0430\u043a \u043b\u0435\u0433\u043a\u043e \u0431\u044b\u043b\u043e \u0441\u0431\u0435\u0436\u0430\u0442\u044c? \u0420\u0430\u0437 - \u0438 \u0442\u044b \u043d\u0430 \u0441\u0432\u043e\u0431\u043e\u0434\u0435. \u0414\u0430, \u043f\u043e\u0431\u0435\u0433 \u0438\u0437 \u0428\u043e\u0443\u0448\u0435\u043d\u043a\u0430 \u043f\u0440\u0438\u0448\u043b\u043e\u0441\u044c \u0433\u043e\u0442\u043e\u0432\u0438\u0442\u044c \u043d\u0435\u043c\u043d\u043e\u0433\u043e \u0434\u043e\u043b\u044c\u0448\u0435. \u041f\u044f\u0442\u044c \u0437\u0430 \u0441\u043e\u0446\u0440\u0435\u0430\u043b\u0438\u0437\u043c", "author": 104, "score": 5, "pub_date": "2020-11-03T23:38:47.272Z"}}, {"model": "content.review", "pk": 16, "fields": {"title": 3, "text": "\u0421\u0445\u043e\u0434\u0438\u043b\u0430 \u0432 \u043a\u0438\u043d\u043e, \u0440\u0435\u0448\u0438\u043b\u0430 \u043d\u0430\u043f\u0438\u0441\u0430\u0442\u044c: \u0434\u0440\u0430\u0439\u0432 \u0438 \u043e\u0433\u043e\u043d\u044c, \u043d\u043e \u0438\u043d\u043e\u0433\u0434\u0430 \u043a\u0430\u043a\u043e\u0439-\u0442\u043e \u0431\u0440\u0435\u0434 \u043d\u0430 \u044d\u043a\u0440\u0430\u043d\u0435. \u0412 \u0441\u0435\u0440\u0435\u0434\u0438\u043d\u0435 \u0444\u0438\u043b\u044c\u043c\u0430 \u043f\u0440\u043e\u0441\u0442\u043e \u043e\u0442\u043b\u0438\u0447\u043d\u044b\u0435 \u0434\u0438\u0430\u043b\u043e\u0433\u0438! \u041f\u0443\u0441\u0442\u044c \u0431\u0443\u0434\u0435\u0442 7", "author": 100, "score": 7, "pub_date": "2020-11-03T23:38:47.277Z"}}, {"model": "content.review", "pk": 17, "fields": {"title": 3, "text": "\u0421\u043c\u043e\u0442\u0440\u0435\u043b, \u043d\u0435 \u043e\u0442\u0440\u044b\u0432\u0430\u044f\u0441\u044c, \u0445\u043e\u0447\u0443 \u043e\u043f\u0438\u0441\u0430\u0442\u044c \u0441\u0432\u043e\u0438 \u0432\u043f\u0435\u0447\u0430\u0442\u043b\u0435\u043d\u0438\u044f. \u041f\u043e \u043c\u043e\u0435\u043c\u0443 \u043c\u043d\u0435\u043d\u0438\u044e, \u0441\u0446\u0435\u043d\u0430\u0440\u0438\u0439 \u043f\u043e\u0434\u043a\u0430\u0447\u0430\u043b, \u0437\u0430\u0442\u043e \u043f\u043e\u0434\u0431\u043e\u0440 \u0430\u043a\u0442\u0451\u0440\u043e\u0432 - \u0441\u0443\u043f\u0435\u0440. \u041d\u0430\u0447\u0430\u043b\u043e \u043d\u0435\u043c\u043d\u043e\u0433\u043e \u0437\u0430\u0442\u044f\u043d\u0443\u0442\u043e. \u041e\u043f\u0435\u0440\u0430\u0442\u043e\u0440\u0443 - \u041e\u0441\u043a\u0430\u0440\u0430! \u0412\u0441\u0451 \u043e\u0441\u0442\u0430\u043b\u044c\u043d\u043e\u0435 - \u043d\u0435 \u043e\u0447\u0435\u043d\u044c. \u0424\u0438\u043b\u044c\u043c \u0442\u044f\u043d\u0435\u0442 \u043d\u0430 8 \u0438\u0437 10", "author": 101, "score": 8, "pub_date": "2020-11-03T23:38:47.284Z"}}, {"model": "content.review", "pk": 18, "fields": {"title": 4, "text": "\u0421\u043a\u0430\u0447\u0430\u043b, \u043f\u043e\u0441\u043c\u043e\u0442\u0440\u0435\u043b, \u0434\u0443\u043c\u0430\u044e, \u0447\u0442\u043e \u0430\u043a\u0442\u0451\u0440\u044b \u0442\u0430\u043a \u0441\u0435\u0431\u0435, \u0441\u0446\u0435\u043d\u0430\u0440\u0438\u0439 \u0445\u043e\u0440\u043e\u0448\u0438\u0439. \u0414\u0438\u0430\u043b\u043e\u0433\u0438 \u043f\u0440\u0435\u043a\u0440\u0430\u0441\u043d\u044b\u0435, \u0442\u0430\u043a \u0447\u0442\u043e \u043f\u0443\u0441\u0442\u044c \u0431\u0443\u0434\u0435\u0442 \u0432\u043e\u0441\u0435\u043c\u044c \u0437\u0432\u0435\u0437\u0434", "author": 102, "score": 8, "pub_date": "2020-11-03T23:38:47.291Z"}}, {"model": "content.review", "pk": 19, "fields": {"title": 4, "text": "\u041f\u043e\u0441\u043c\u043e\u0442\u0440\u0435\u043b. \u041f\u043e \u043c\u043e\u0435\u043c\u0443 \u043c\u043d\u0435\u043d\u0438\u044e, \u0430\u043a\u0442\u0451\u0440\u044b \u0442\u0430\u043a \u0441\u0435\u0431\u0435, \u043d\u043e \u0441\u0446\u0435\u043d\u0430\u0440\u0438\u0439 \u0445\u043e\u0440\u043e\u0448\u0438\u0439. \u041f\u0435\u0440\u0432\u0443\u044e \u043f\u043e\u043b\u043e\u0432\u0438\u043d\u0443 \u0444\u0438\u043b\u044c\u043c\u0430 \u043c\u043e\u0436\u043d\u043e \u0441\u043f\u0430\u0442\u044c, \u043d\u0435 \u043e\u043f\u0430\u0441\u0430\u044f\u0441\u044c, \u0447\u0442\u043e \u0447\u0442\u043e-\u0442\u043e \u043f\u0440\u043e\u043f\u0443\u0441\u0442\u0438\u0448\u044c. \u041d\u0435 \u0440\u0430\u0437\u0434\u0443\u043c\u044b\u0432\u0430\u044f, \u0441\u0442\u0430\u0432\u043b\u044e \u0443\u0432\u0435\u0440\u0435\u043d\u043d\u0443\u044e \u0434\u0435\u0441\u044f\u0442\u043a\u0443", "author": 103, "score": 10, "pub_date": "2020-11-03T23:38:47.296Z"}}, {"model": "content.review", "pk": 20, "fields": {"title": 7, "text": "\u0421\u043a\u0430\u0436\u0443 \u0442\u0435\u043c, \u043a\u0442\u043e \u0435\u0449\u0451 \u043d\u0435 \u0441\u043c\u043e\u0442\u0440\u0435\u043b: \u0435\u0441\u043b\u0438 \u0431\u044b \u044f \u0431\u044b\u043b \u0440\u0435\u0436\u0438\u0441\u0441\u0451\u0440\u043e\u043c \u044d\u0442\u043e\u0433\u043e \u0444\u0438\u043b\u044c\u043c\u0430 - \u044f \u0431\u044b \u043d\u0435 \u0433\u043e\u0440\u0434\u0438\u043b\u0441\u044f. \u041e\u043f\u0435\u0440\u0430\u0442\u043e\u0440\u0430 \u0443\u0432\u043e\u043b\u0438\u0442\u044c, \u0444\u0438\u043b\u044c\u043c \u043f\u043e\u043b\u0443\u0447\u0438\u043b\u0441\u044f \u0442\u0430\u043a \u0441\u0435\u0431\u0435, \u043d\u043e \u043e\u0434\u0438\u043d \u0440\u0430\u0437 \u043f\u043e\u0441\u043c\u043e\u0442\u0440\u0435\u0442\u044c - \u0441\u043e\u0439\u0434\u0451\u0442. \u0410\u0432\u0442\u043e\u0440\u044b \u0447\u0435\u0441\u0442\u043d\u043e \u0437\u0430\u0441\u043b\u0443\u0436\u0438\u043b\u0438 5 \u0438\u0437 10", "author": 104, "score": 5, "pub_date": "2020-11-03T23:38:47.303Z"}}, {"model": "content.review", "pk": 21, "fields": {"title": 7, "text": "\u0421\u043a\u0430\u0447\u0430\u043b, \u043f\u043e\u0441\u043c\u043e\u0442\u0440\u0435\u043b, \u0434\u0443\u043c\u0430\u044e, \u0447\u0442\u043e \u0441\u0446\u0435\u043d\u0430\u0440\u0438\u0439 \u043f\u043e\u0434\u043a\u0430\u0447\u0430\u043b, \u0437\u0430\u0442\u043e \u043f\u043e\u0434\u0431\u043e\u0440 \u0430\u043a\u0442\u0451\u0440\u043e\u0432 - \u0441\u0443\u043f\u0435\u0440. \u041d\u0430\u0447\u0430\u043b\u043e \u043d\u0435\u043c\u043d\u043e\u0433\u043e \u0437\u0430\u0442\u044f\u043d\u0443\u0442\u043e, \u0434\u0430 \u0438 \u0432\u043e\u043e\u0431\u0449\u0435 \u043d\u0435 \u043e\u0447\u0435\u043d\u044c. \u0424\u0438\u043b\u044c\u043c \u0435\u0434\u0432\u0430 \u0442\u044f\u043d\u0435\u0442 \u043d\u0430 4", "author": 100, "score": 4, "pub_date": "2020-11-03T23:38:47.308Z"}}, {"model": "content.review", "pk": 22, "fields": {"title": 8, "text": "\u041c\u043d\u0435 \u043a\u0430\u0436\u0435\u0442\u0441\u044f, \u0447\u0442\u043e \u044f \u0432\u043f\u0443\u0441\u0442\u0443\u044e \u043f\u043e\u0442\u0435\u0440\u044f\u043b \u0432\u0440\u0435\u043c\u044f. \u0421\u0442\u0430\u0432\u043b\u044e 2", "author": 101, "score": 2, "pub_date": "2020-11-03T23:38:47.314Z"}}, {"model": "content.review", "pk": 23, "fields": {"title": 8, "text": "\u041f\u043e\u0441\u043c\u043e\u0442\u0440\u0435\u043b\u0430. \u0410\u043a\u0442\u0451\u0440\u044b \u0442\u0430\u043a \u0441\u0435\u0431\u0435, \u0441\u0446\u0435\u043d\u0430\u0440\u0438\u0439 \u0445\u043e\u0440\u043e\u0448\u0438\u0439. \u0423\u0441\u043d\u0443\u043b\u0430 \u043a \u0441\u0435\u0440\u0435\u0434\u0438\u043d\u0435. \u041d\u0435 \u0440\u0430\u0437\u0434\u0443\u043c\u044b\u0432\u0430\u044f, \u0441\u0442\u0430\u0432\u043b\u044e \u0434\u0432\u043e\u0439\u043a\u0443 ", "author": 102, "score": 2, "pub_date": "2020-11-03T23:38:47.319Z"}}, {"model": "content.review", "pk": 24, "fields": {"title": 9, "text": "\u0412\u0441\u0435 \u043e\u0447\u0435\u043d\u044c \u0434\u043e\u043b\u0433\u043e \u0436\u0434\u0430\u043b\u0438 \u043f\u0440\u0435\u043c\u044c\u0435\u0440\u0443 \u0444\u0438\u043b\u044c\u043c\u0430,\u0438 \u043d\u0430\u043a\u043e\u043d\u0435\u0446 \u0434\u043e\u0436\u0434\u0430\u043b\u0438\u0441\u044c.\u0424\u0438\u043b\u044c\u043c \u043e\u0442\u043b\u0438\u0447\u043d\u044b\u0439,\u0434\u043e\u0431\u0440\u044b\u0439,\u0441\u043c\u043e\u0442\u0440\u0438\u0442\u0441\u044f \u043f\u043e\u0447\u0442\u0438 \u043d\u0430 \u043e\u0434\u043d\u043e\u043c \u0434\u044b\u0445\u0430\u043d\u0438\u0438,\u0441 \u0437\u0430\u0432\u044f\u0437\u0430\u043d\u043d\u044b\u043c \u0441\u044e\u0436\u0435\u0442\u043e\u043c \u0438 \u043d\u0435 \u043c\u0435\u043d\u0435\u0435 \u043a\u0440\u0443\u0442\u043e\u0439 \u043c\u0443\u0437\u044b\u043a\u043e\u0439.\u041a\u0438\u043d\u043e \u043e\u0447\u0435\u043d\u044c \u043f\u043e\u043d\u0440\u0430\u0432\u0438\u043b\u043e\u0441\u044c!!!\u0412\u0441\u0435\u043c \u0441\u043e\u0432\u0435\u0442\u0443\u044e.", "author": 103, "score": 10, "pub_date": "2020-11-03T23:38:47.324Z"}}, {"model": "content.review", "pk": 25, "fields": {"title": 9, "text": "\u041e\u0442\u0441\u0442\u043e\u0439-\u0444\u0438\u043b\u044c\u043c. \u041d\u0435 \u0445\u043e\u0434\u0438\u0442\u0435", "author": 104, "score": 1, "pub_date": "2020-11-03T23:38:47.329Z"}}, {"model": "content.review", "pk": 26, "fields": {"title": 9, "text": "\u0414\u043b\u044f \u043b\u044e\u0434\u0435\u0439, \u043a\u043e\u0442\u043e\u0440\u044b\u0435 \u0445\u043e\u0442\u044f\u0442 \u043f\u043e\u0441\u043c\u0435\u044f\u0442\u044c\u0441\u044f \u0438 \u043f\u043e\u043b\u0443\u0447\u0438\u0442\u044c \u043c\u043e\u0440\u0435 \u044d\u043c\u043e\u0446\u0438\u0439, \u0442\u043e\u0442 \u0441\u0430\u043c\u044b\u0439 \u0444\u0438\u043b\u044c\u043c. \u041c\u043d\u0435 \u043e\u0447\u0435\u043d\u044c \u043f\u043e\u043d\u0440\u0430\u0432\u0438\u043b\u0441\u044f.", "author": 100, "score": 10, "pub_date": "2020-11-03T23:38:47.334Z"}}, {"model": "content.review", "pk": 27, "fields": {"title": 10, "text": "\u041f\u0435\u0440\u0432\u044b\u0439 \u0440\u0430\u0437 \u0432 \u0436\u0438\u0437\u043d\u0438 \u0440\u0435\u0448\u0438\u043b\u0430 \u043d\u0430\u043f\u0438\u0441\u0430\u0442\u044c \u043e\u0442\u0437\u044b\u0432,\u0447\u0442\u043e\u0431\u044b \u043f\u0440\u0435\u0434\u043e\u0441\u0442\u0435\u0440\u0435\u0447\u044c \u043e\u0442 \u043f\u043e\u0442\u0435\u0440\u0438 \u0434\u0435\u043d\u0435\u0433 \u043d\u0430 \u0431\u0438\u043b\u0435\u0442 \u0438 \u0442\u0440\u0430\u0442\u044b \u0432\u0440\u0435\u043c\u0435\u043d\u0438 \u043d\u0430 \u043f\u0440\u043e\u0441\u043c\u043e\u0442\u0440. \u041a \u0438\u0433\u0440\u0435 \u0430\u043a\u0442\u0435\u0440\u043e\u0432 \u043f\u0440\u0435\u0442\u0435\u043d\u0437\u0438\u0439 \u043d\u0435\u0442", "author": 101, "score": 2, "pub_date": "2020-11-03T23:38:47.339Z"}}, {"model": "content.review", "pk": 28, "fields": {"title": 10, "text": "2 \u0447\u0430\u0441\u0430 \u0441\u043c\u043e\u0442\u0440\u044f\u0442\u0441\u044f \u043d\u0430 \u043e\u0434\u043d\u043e\u043c \u0434\u044b\u0445\u0430\u043d\u0438\u0438. \u0421\u043f\u0435\u0446\u044d\u0444\u0444\u0435\u043a\u0442\u044b \u043d\u0430 \u0443\u0440\u043e\u0432\u043d\u0435 \u0444\u0438\u043b\u044c\u043c\u043e\u0432 \u041c\u0430\u0440\u0432\u0435\u043b\u0430. \u0421\u043c\u043e\u0442\u0440\u0435\u043b\u0438 \u0432\u0441\u0435\u0439 \u0441\u0435\u043c\u044c\u0435\u0439. \u041f\u043e\u0441\u043c\u043e\u0442\u0440\u0435\u043b \u043d\u0435\u0441\u043a\u043e\u043b\u044c\u043a\u043e \u043e\u0442\u0437\u044b\u0432\u043e\u0432, \u043f\u043e\u043d\u044f\u043b , \u0447\u0442\u043e \u0444\u0438\u043b\u044c\u043c \u0441\u0442\u043e\u0438\u0442 \u043f\u043e\u0441\u043c\u043e\u0442\u0440\u0435\u0442\u044c", "author": 102, "score": 10, "pub_date": "2020-11-03T23:38:47.344Z"}}, {"model": "content.review", "pk": 29, "fields": {"title": 11, "text": "\u0414\u0435\u0439\u0441\u0442\u0432\u0438\u044f \u043f\u0435\u0440\u0441\u043e\u043d\u0430\u0436\u0435\u0439 \u0432\u044b\u0437\u044b\u0432\u0430\u044e\u0442 \u043f\u043e\u0441\u0442\u043e\u044f\u043d\u043d\u044b\u0439 \u0432\u043e\u043f\u0440\u043e\u0441\u044b - \u0447\u0442\u043e \u0438 \u0437\u0430\u0447\u0435\u043c \u043e\u043d\u0438 \u044d\u0442\u043e \u0434\u0435\u043b\u0430\u044e\u0442. \u041b\u043e\u0433\u0438\u043a\u0438 \u043f\u0440\u043e\u0441\u0442\u043e \u043d\u0435\u0442. \u041f\u043e\u0441\u043b\u0435 \u043f\u043e\u043b\u043e\u0432\u0438\u043d\u044b \u0444\u0438\u043b\u044c\u043c\u0430 \u0443\u0436\u0435 \u0445\u043e\u0447\u0435\u0442\u0441\u044f \u0443\u0439\u0442\u0438", "author": 103, "score": 1, "pub_date": "2020-11-03T23:38:47.350Z"}}, {"model": "content.review", "pk": 30, "fields": {"title": 11, "text": "\u041b\u0443\u0447\u0448\u0438\u0439 \u0444\u0438\u043b\u044c\u043c, \u043e\u0434\u043d\u043e\u0437\u043d\u0430\u0447\u043d\u043e. \u0428\u0435\u0434\u0435\u0432\u0440. \u041d\u043e \u0441\u043b\u0435\u0434\u0443\u0435\u0442 \u043f\u043e\u043d\u0438\u043c\u0430\u0442\u044c, \u0447\u0442\u043e \u044d\u0442\u043e \u043d\u0435 \u043a\u0438\u043d\u043e \u043f\u043e\u0434 \u043f\u0438\u0432\u043e \u0434\u043b\u044f \u043c\u043e\u043b\u043e\u0434\u0435\u0436\u0438. \u0421\u0442\u0438\u043b\u044c\u043d\u043e \u0441\u043d\u044f\u0442\u043e, \u043d\u0430 \u043e\u0434\u043d\u043e\u043c \u0434\u044b\u0445\u0430\u043d\u0438\u0438\n\u0441\u043c\u043e\u0442\u0440\u0438\u0442\u0441\u044f, \u043f\u0435\u0440\u0441\u043e\u043d\u0430\u0436\u0438 \u0432\u0435\u043b\u0438\u043a\u043e\u043b\u0435\u043f\u043d\u044b", "author": 104, "score": 10, "pub_date": "2020-11-03T23:38:47.356Z"}}, {"model": "content.review", "pk": 31, "fields": {"title": 11, "text": "\u0422\u0443\u043f\u0435\u0435 \u043d\u0435 \u0432\u0438\u0434\u0435\u043b, \u0441\u043c\u043e\u0442\u0440\u0435\u0442\u044c \u043d\u0435 \u0438\u043d\u0442\u0435\u0440\u0435\u0441\u043d\u043e \u0441\u043a\u0443\u0447\u043d\u044f\u043a", "author": 100, "score": 1, "pub_date": "2020-11-03T23:38:47.363Z"}}, {"model": "content.review", "pk": 32, "fields": {"title": 12, "text": "\u0424\u0438\u043b\u044c\u043c \u0438\u043d\u0442\u0435\u0440\u0435\u0441\u043d\u044b\u0439,\u043d\u043e \u043d\u0435 \u0434\u043e\u0440\u0430\u0431\u043e\u0442\u0430\u043d\u043d\u044b\u0439.\u041e\u0441\u0442\u0440\u043e\u0442\u044b \u0441\u044e\u0436\u0435\u0442\u0430 \u043d\u0435 \u0445\u0432\u0430\u0442\u0430\u0435\u0442", "author": 101, "score": 8, "pub_date": "2020-11-03T23:38:47.369Z"}}, {"model": "content.review", "pk": 33, "fields": {"title": 12, "text": "\u0421\u0430\u043c\u0430\u044f \u0441\u0438\u043b\u044c\u043d\u0430\u044f \u043a\u0430\u0440\u0442\u0438\u043d\u0430 \u0437\u0430 \u043f\u043e\u0441\u043b\u0435\u0434\u043d\u0435\u0435 \u0432\u0440\u0435\u043c\u044f. \u0424\u0438\u043b\u044c\u043c \u0437\u0430\u0441\u0442\u0430\u0432\u043b\u044f\u0435\u0442 \u043f\u043b\u0430\u043a\u0430\u0442\u044c, \u0440\u0430\u0434\u043e\u0432\u0430\u0442\u044c\u0441\u044f, \u0433\u0440\u0443\u0441\u0442\u0438\u0442\u044c, \u0434\u0435\u0440\u0436\u0438\u0442 \u0432 \u043d\u0430\u043f\u0440\u044f\u0436\u0435\u043d\u0438\u0438", "author": 102, "score": 10, "pub_date": "2020-11-03T23:38:47.377Z"}}, {"model": "content.review", "pk": 34, "fields": {"title": 12, "text": "\u0421 \u043e\u0433\u0440\u043e\u043c\u043d\u044b\u043c \u0443\u0434\u043e\u0432\u043e\u043b\u044c\u0441\u0442\u0432\u0438\u0435\u043c \u0441\u0445\u043e\u0434\u0438\u043b\u0430 \u0432 \u043a\u0438\u043d\u043e\u0442\u0435\u0430\u0442\u0440. \u041e\u0434\u043d\u043e\u0440\u0430\u0437\u043e\u0432\u044b\u0435 \u0444\u0438\u043b\u044c\u043c\u044b, \u043d\u0430\u0437\u0432\u0430\u043d\u0438\u044f \u043a\u043e\u0442\u043e\u0440\u044b\u0445 \u0437\u0430\u0431\u044b\u0432\u0430\u0435\u0448\u044c \u043d\u0430 \u0432\u044b\u0445\u043e\u0434\u0435 \u0438\u0437 \u0434\u0432\u0435\u0440\u0435\u0439 \u043a\u0438\u043d\u043e\u0437\u0430\u043b\u0430, \u0440\u0430\u0437\u043e\u0447\u0430\u0440\u043e\u0432\u044b\u0432\u0430\u044e\u0442. \u0418 \u0432\u043e\u0442 \u043d\u0430\u0441\u0442\u043e\u044f\u0449\u0438\u0439, \u0434\u0443\u0448\u0435\u0432\u043d\u044b\u0439, \u0436\u0438\u0437\u043d\u0435\u043d\u043d\u044b\u0439 \u0444\u0438\u043b\u044c\u043c. \u0418\u0433\u0440\u0430 \u0430\u043a\u0442\u043e\u0440\u043e\u0432 \u0438 \u0441\u044e\u0436\u0435\u0442 \u0431\u043e\u043c\u0431\u0438\u0447\u0435\u0441\u043a\u0438\u0435.", "author": 103, "score": 9, "pub_date": "2020-11-03T23:38:47.382Z"}}, {"model": "content.review", "pk": 35, "fields": {"title": 13, "text": "\u0427\u0442\u043e \u0441\u043a\u0430\u0437\u0430\u0442\u044c \u043f\u043e\u0441\u043b\u0435 \u043f\u0440\u043e\u0441\u043c\u043e\u0442\u0440\u0430? \u041d\u0438\u0447\u0435\u0433\u043e. \u0422\u0430\u043a\u043e\u0435 \u043e\u0449\u0443\u0449\u0435\u043d\u0438\u0435, \u0447\u0442\u043e \u0442\u0435\u0431\u044f \u043e\u0431\u043c\u0430\u043d\u0443\u043b\u0438, \u0437\u0430\u0441\u0442\u0430\u0432\u0438\u043b\u0438 \u0441\u043c\u043e\u0442\u0440\u0435\u0442\u044c \u0437\u0430 \u0442\u0432\u043e\u0438 \u0434\u0435\u043d\u044c\u0433\u0438 \u043d\u0430 \u0441\u0442\u0435\u043d\u0443", "author": 104, "score": 1, "pub_date": "2020-11-03T23:38:47.387Z"}}, {"model": "content.review", "pk": 36, "fields": {"title": 13, "text": "\u0425\u043e\u0442\u0435\u043b\u043e\u0441\u044c \u0443\u0439\u0442\u0438 \u0443\u0436\u0435 \u043d\u0430 \u0434\u0432\u0430\u0434\u0446\u0430\u0442\u043e\u0439 \u043c\u0438\u043d\u0443\u0442\u0435. \u041d\u0435\u0438\u043d\u0442\u0435\u0440\u0435\u0441\u043d\u043e \u0438 \u043d\u0443\u0434\u043d\u043e. \u0420\u0435\u0436\u0438\u0441\u0441\u0443\u0440\u0430 \u043d\u0435 \u0432\u043f\u0435\u0447\u0430\u0442\u043b\u0438\u043b\u0430, \u043d\u0443 \u043f\u0440\u043e\u0441\u0442\u043e \u043d\u0435\u0438\u043d\u0442\u0435\u0440\u0435\u0441\u043d\u043e \u0441\u043c\u043e\u0442\u0440\u0435\u0442\u044c \u0431\u044b\u043b\u043e", "author": 100, "score": 2, "pub_date": "2020-11-03T23:38:47.392Z"}}, {"model": "content.review", "pk": 37, "fields": {"title": 13, "text": "\u0424\u0438\u043b\u044c\u043c \u0441\u0442\u043e\u0438\u0442 \u0443\u0432\u0438\u0434\u0435\u0442\u044c \u0442\u0435\u043c, \u043a\u043e\u043c\u0443 \u0438\u043d\u0442\u0435\u0440\u0435\u0441\u043d\u043e \u0441\u043e\u0432\u0440\u0435\u043c\u0435\u043d\u043d\u043e\u0435 \u043a\u0438\u043d\u043e. \u041d\u0435 \u0441\u043a\u0443\u0447\u043d\u043e, \u043d\u0435 \u0437\u0430\u0442\u044f\u043d\u0443\u0442\u043e, \u043f\u043e\u043d\u0440\u0430\u0432\u0438\u043b\u0430\u0441\u044c \u043e\u043f\u0435\u0440\u0430\u0442\u043e\u0440\u0441\u043a\u0430\u044f \u0440\u0430\u0431\u043e\u0442\u0430, \u043d\u0435\u043a\u043e\u0442\u043e\u0440\u044b\u0435 \u0441\u0446\u0435\u043d\u044b \u0441\u0434\u0435\u043b\u0430\u043d\u044b \u043d\u0430 \u0445\u043e\u0440\u043e\u0448\u0435\u043c \u0443\u0440\u043e\u0432\u043d\u0435", "author": 101, "score": 8, "pub_date": "2020-11-03T23:38:47.397Z"}}, {"model": "content.review", "pk": 38, "fields": {"title": 15, "text": "\u041c\u0443\u0442\u043e\u0440\u043d\u043e \u0438 \u0442\u044f\u0436\u0435\u043b\u043e. \u0421\u0442\u0430\u0432\u043b\u044e 2", "author": 102, "score": 2, "pub_date": "2020-11-03T23:38:47.402Z"}}, {"model": "content.review", "pk": 39, "fields": {"title": 15, "text": "The film did not meet expectations. It's a mess, a weak script. Hardly seen through to the end. I expected something so interesting and exciting. Complete disappointment. Separate unrelated scenes, incomprehensible dialogues.", "author": 103, "score": 3, "pub_date": "2020-11-03T23:38:47.407Z"}}, {"model": "content.review", "pk": 40, "fields": {"title": 15, "text": "I liked the film. Everything is qualitatively, beautifully. Playing actors, mostly very much. But too many, for me bloody stages, nervous people, please do not watch.", "author": 104, "score": 9, "pub_date": "2020-11-03T23:38:47.414Z"}}, {"model": "content.review", "pk": 41, "fields": {"title": 16, "text": "Waste of time! Emotions after watching, - hopelessness, nothing can change. The film is nothing at all!!!", "author": 100, "score": 1, "pub_date": "2020-11-03T23:38:47.419Z"}}, {"model": "content.review", "pk": 42, "fields": {"title": 16, "text": "After watching, disappointment comes close to shock. A mediocre film like the previous one from the same filmmaker. I do not recommend it to anyone! Bad, unbelievable, crumpled filmed.", "author": 101, "score": 2, "pub_date": "2020-11-03T23:38:47.424Z"}}, {"model": "content.review", "pk": 43, "fields": {"title": 16, "text": "The movie is powerful. The main thing is not to take someone's position, but to look from the outside. For the first time I see that the experiences and emotions of each character are shown in such detail. Everything is in its place. Actors and graphics are on top of it.", "author": 102, "score": 10, "pub_date": "2020-11-03T23:38:47.430Z"}}, {"model": "content.review", "pk": 44, "fields": {"title": 17, "text": "If this genre is to your liking, then do not hesitate - go to the cinema! Film - Cool! An interesting story, a great actor's play, filming is simply super, and special effects at a high level.", "author": 103, "score": 10, "pub_date": "2020-11-03T23:38:47.435Z"}}, {"model": "content.review", "pk": 45, "fields": {"title": 18, "text": "Plot, thought, philosophy, acting, emotions - brilliance! The plot is dynamic, the actors' acting is good, but not perfect.", "author": 104, "score": 8, "pub_date": "2020-11-03T23:38:47.440Z"}}, {"model": "content.review", "pk": 46, "fields": {"title": 18, "text": "Disappointment, I dragged myself to the cinema, and then a terrible movie. The ad was encouraging, but in fact, it's not that.", "author": 100, "score": 2, "pub_date": "2020-11-03T23:38:47.447Z"}}, {"model": "content.review", "pk": 47, "fields": {"title": 19, "text": "Unbelievable, illogical, senseless film. Just no, you can't even look, you won't catch the essence. I liked it.", "author": 101, "score": 10, "pub_date": "2020-11-03T23:38:47.454Z"}}, {"model": "content.review", "pk": 48, "fields": {"title": 19, "text": "It is an interestingly thought out film, it has an extraordinary plot. Long, which happens not in all films. Actors are cool. So, you can watch it.", "author": 102, "score": 8, "pub_date": "2020-11-03T23:38:47.460Z"}}, {"model": "content.review", "pk": 49, "fields": {"title": 20, "text": "I closely follow all new editions, buy each. The best thriller of the century is the \"Kolobok\".", "author": 103, "score": 10, "pub_date": "2020-11-03T23:38:47.465Z"}}, {"model": "content.review", "pk": 50, "fields": {"title": 20, "text": "I'm kolobok, kolobok! I was scraped from the flour-tin,\nSwept from the corn-bin,\nMixed with sour cream into a bun\nFried in butter till I was done,\nI ran away from grandpa and grandma too,\nAnd I'm sure I'll have no trouble, running away from you.\"", "author": 104, "score": 10, "pub_date": "2020-11-03T23:38:47.470Z"}}, {"model": "content.review", "pk": 51, "fields": {"title": 21, "text": "I read from beginning to end, without taking a break. Terrible book, what it can teach our young generation.", "author": 100, "score": 1, "pub_date": "2020-11-03T23:38:47.475Z"}}, {"model": "content.review", "pk": 52, "fields": {"title": 21, "text": "Harsh American seventies documented. How the author survived until 2005 is a mystery. But the novel is beautiful. ", "author": 101, "score": 10, "pub_date": "2020-11-03T23:38:47.481Z"}}, {"model": "content.review", "pk": 53, "fields": {"title": 22, "text": "ALotofLEtters. Not for my brains. In the annotation it is written - \"the great novel\", so I put the maximum score.", "author": 102, "score": 10, "pub_date": "2020-11-03T23:38:47.486Z"}}, {"model": "content.review", "pk": 54, "fields": {"title": 22, "text": "If this genre is to your liking, then do not even doubt: sit down and read! The novel is Fantastic! An interesting story, great characters, the sky of Austerlitz and meeting with an oak tree.", "author": 103, "score": 10, "pub_date": "2020-11-03T23:38:47.509Z"}}, {"model": "content.review", "pk": 55, "fields": {"title": 22, "text": "I read War and Peace at school (forced), and then I read it again by a random chance, and it turned out that it was a great one, not just for fun. I don't put a ten just in memory of the school tortures.", "author": 104, "score": 8, "pub_date": "2020-11-03T23:38:47.514Z"}}, {"model": "content.review", "pk": 56, "fields": {"title": 23, "text": "WTF??", "author": 100, "score": 3, "pub_date": "2020-11-03T23:38:47.521Z"}}, {"model": "content.review", "pk": 57, "fields": {"title": 23, "text": "What the heck??", "author": 101, "score": 1, "pub_date": "2020-11-03T23:38:47.525Z"}}, {"model": "content.review", "pk": 58, "fields": {"title": 23, "text": "I couldn't get anything at all, but it's great.", "author": 102, "score": 8, "pub_date": "2020-11-03T23:38:47.531Z"}}, {"model": "content.review", "pk": 59, "fields": {"title": 23, "text": "What was that?! Ten for the level of incomprehension", "author": 103, "score": 10, "pub_date": "2020-11-03T23:38:47.537Z"}}, {"model": "content.review", "pk": 60, "fields": {"title": 23, "text": "I will not comment in detail, but this is a masterpiece.", "author": 104, "score": 10, "pub_date": "2020-11-03T23:38:47.543Z"}}, {"model": "content.review", "pk": 61, "fields": {"title": 23, "text": "One day fit into just one volume. The author and the book - the maximum score for conciseness.", "author": 100, "score": 10, "pub_date": "2020-11-03T23:38:47.550Z"}}, {"model": "content.review", "pk": 62, "fields": {"title": 23, "text": "Odyssey without sirens and golden fleece. Where did the author put the classic story and why is Ireland everywhere?!", "author": 101, "score": 3, "pub_date": "2020-11-03T23:38:47.555Z"}}, {"model": "content.review", "pk": 63, "fields": {"title": 24, "text": "It cannot be so. This is all imaginary, the author has tried to deceive the reader, but we, the readers, are smarter than him. We can't be beaten to the punch!", "author": 102, "score": 2, "pub_date": "2020-11-03T23:38:47.560Z"}}, {"model": "content.review", "pk": 64, "fields": {"title": 24, "text": "Everything is completely different from what it really is, and the documentary story describes it well.", "author": 103, "score": 9, "pub_date": "2020-11-03T23:38:47.567Z"}}, {"model": "content.review", "pk": 65, "fields": {"title": 25, "text": "If I could just stop banging my head on the steps for a minute and concentrate properly, I would write a wonderful review. But alas - I have no time to concentrate: study, work. I'll just put a five score.", "author": 104, "score": 10, "pub_date": "2020-11-03T23:38:47.571Z"}}, {"model": "content.review", "pk": 66, "fields": {"title": 25, "text": "This is just \"War and Peace\" for children. Reading for everyone.", "author": 100, "score": 10, "pub_date": "2020-11-03T23:38:47.576Z"}}, {"model": "content.review", "pk": 67, "fields": {"title": 26, "text": "Listen and cry. I cry, but still listen\u2026", "author": 101, "score": 10, "pub_date": "2020-11-03T23:38:47.582Z"}}, {"model": "content.review", "pk": 68, "fields": {"title": 27, "text": "Some kind of confusing noise. Is anyone really listen to this?", "author": 102, "score": 1, "pub_date": "2020-11-03T23:38:47.587Z"}}, {"model": "content.review", "pk": 69, "fields": {"title": 27, "text": "Nothing is clear. What is this song about, what does it teach?", "author": 103, "score": 2, "pub_date": "2020-11-03T23:38:47.592Z"}}, {"model": "content.review", "pk": 70, "fields": {"title": 28, "text": "Ian Anderson glorious!!!!!!!!1111", "author": 104, "score": 10, "pub_date": "2020-11-03T23:38:47.597Z"}}, {"model": "content.review", "pk": 71, "fields": {"title": 28, "text": "Is it really a song about scuba-divers translated into English?! Finally! Scuba divers - that' s good!", "author": 100, "score": 10, "pub_date": "2020-11-03T23:38:47.603Z"}}, {"model": "content.review", "pk": 72, "fields": {"title": 29, "text": "We were jumping, spinning and spinning so that the floor was shoving!", "author": 101, "score": 10, "pub_date": "2020-11-03T23:38:47.607Z"}}, {"model": "content.review", "pk": 73, "fields": {"title": 30, "text": "This is the only rhythm I can play on my super expensive guitar! My favorite song", "author": 104, "score": 10, "pub_date": "2020-11-03T23:38:47.612Z"}}, {"model": "content.review", "pk": 74, "fields": {"title": 31, "text": "Weird: Mozart is Austrian, and the march is Turkish. I can' t understand how it happened. It sounds beautiful, but I give eight for geographical confusion.", "author": 100, "score": 8, "pub_date": "2020-11-03T23:38:47.617Z"}}, {"model": "content.review", "pk": 75, "fields": {"title": 32, "text": "Bach forever. This is not three chords on the guitar like in the Smoke on the water.", "author": 102, "score": 10, "pub_date": "2020-11-03T23:38:47.622Z"}}, {"model": "content.comment", "pk": 1, "fields": {"author": 102, "review": 6, "text": "\u041d\u0438\u0447\u0435\u0433\u043e \u043f\u043e\u0434\u043e\u0431\u043d\u043e\u0433\u043e, \u0432 \u0444\u0438\u043b\u044c\u043c\u0435 \u0432\u0441\u0451 \u043d\u0435 \u0442\u0430\u043a, \u0438 \u043f\u0440\u043e\u0433\u0440\u0430\u043c\u043c\u0438\u0440\u043e\u0432\u0430\u043d\u0438\u0435 \u0442\u0443\u0442 \u0432\u043e\u043e\u0431\u0449\u0435 \u043d\u0438 \u043f\u0440\u0438 \u0447\u0451\u043c!", "pub_date": "2020-11-03T23:42:54.855Z"}}, {"model": "content.comment", "pk": 2, "fields": {"author": 101, "review": 6, "text": "\u041d\u0443 \u043d\u0430\u0434\u043e \u0436\u0435, \u043d\u0435 \u043d\u0430\u0448\u043b\u043e\u0441\u044c \u043d\u0438\u0447\u0435\u0433\u043e \u043b\u0443\u0447\u0448\u0435\u0433\u043e, \u043a\u0440\u043e\u043c\u0435 \u043a\u0430\u043a \u043f\u0440\u043e\u043a\u043e\u043c\u043c\u0435\u043d\u0442\u0438\u0440\u043e\u0432\u0430\u0442\u044c \u0440\u0430\u0437\u0433\u043e\u0432\u043e\u0440 \u043f\u0440\u043e \u0433\u0430\u043c\u0431\u0443\u0440\u0433\u0435\u0440\u044b, \u0431\u0443\u0434\u0442\u043e \u0432 \u0444\u0438\u043b\u044c\u043c\u0435 \u043d\u0438\u0447\u0435\u0433\u043e \u0432\u0430\u0436\u043d\u0435\u0435 \u044d\u0442\u043e\u0433\u043e \u043d\u0435\u0442", "pub_date": "2020-11-03T23:42:54.861Z"}}, {"model": "content.comment", "pk": 3, "fields": {"author": 103, "review": 6, "text": "\u041a\u0441\u0442\u0430\u0442\u0438, \u0430 \u0447\u0442\u043e \u0442\u0430\u043a\u043e\u0435 \"\u0447\u0435\u0442\u0432\u0435\u0440\u0442\u044c \u0444\u0443\u043d\u0442\u0430\"? \u0412 \u0433\u0440\u0430\u043c\u043c\u0430\u0445 \u044d\u0442\u043e \u0441\u043a\u043e\u043b\u044c\u043a\u043e?", "pub_date": "2020-11-03T23:42:54.867Z"}}, {"model": "content.comment", "pk": 4, "fields": {"author": 100, "review": 50, "text": "\u0412\u043e\u0442 \u044d\u0442\u043e \u0434\u0430, \u043d\u0438\u043a\u043e\u0433\u0434\u0430 \u043d\u0435 \u0441\u043b\u044b\u0448\u0430\u043b \u043e\u0431 \u044d\u0442\u043e\u043c! \u0421\u043f\u0430\u0441\u0438\u0431\u043e \u0437\u0430 \u0438\u043d\u0444\u043e\u0440\u043c\u0430\u0446\u0438\u044e", "pub_date": "2020-11-03T23:42:54.874Z"}}, {"model": "content.comment", "pk": 5, "fields": {"author": 103, "review": 50, "text": "\u041f\u043e\u0447\u0435\u043c\u0443 \u043e\u0431\u044f\u0437\u0430\u0442\u0435\u043b\u044c\u043d\u043e  \u043d\u0443\u0436\u043d\u043e \u043b\u044e\u0431\u043e\u0439 \u0440\u0430\u0437\u0433\u043e\u0432\u043e\u0440 \u0441\u0432\u043e\u0434\u0438\u0442\u044c \u043a \u043d\u0430\u0432\u043e\u0437\u0443? \u0425\u043e\u0440\u043e\u0448\u0430\u044f \u0434\u0435\u0442\u0441\u043a\u0430\u044f \u0441\u043a\u0430\u0437\u043a\u0430, \u0432\u0430 \u0432\u044b \u0442\u0443\u0442 \u043f\u0438\u0448\u0435\u0442\u0435 \u043f\u0440\u043e \u043a\u0430\u043a\u0438\u0435-\u0442\u043e \u0441\u0443\u0431\u0441\u0442\u0430\u043d\u0446\u0438\u0438 \u043d\u0435\u043f\u0440\u0438\u044f\u0442\u043d\u044b\u0435. \u0424\u0443 \u0442\u0430\u043a\u0438\u043c \u0431\u044b\u0442\u044c.", "pub_date": "2020-11-03T23:42:54.880Z"}}, {"model": "simple_email_confirmation.emailaddress", "pk": 1, "fields": {"user": 1, "email": "golubtsovairinas@gmail.com", "key": "ZzT671OiCVvr", "set_at": "2020-11-03T00:00:23.786Z", "confirmed_at": null}}, {"model": "simple_email_confirmation.emailaddress", "pk": 8, "fields": {"user": 100, "email": "bingobongo@yamdb.fake", "key": "4VUFCQD98PgX", "set_at": "2020-11-03T23:02:07.605Z", "confirmed_at": null}}, {"model": "simple_email_confirmation.emailaddress", "pk": 9, "fields": {"user": 101, "email": "capt_obvious@yamdb.fake", "key": "iAGVl963pCbW", "set_at": "2020-11-03T23:02:07.615Z", "confirmed_at": null}}, {"model": "simple_email_confirmation.emailaddress", "pk": 10, "fields": {"user": 102, "email": "faust@yamdb.fake", "key": "NGwlLnGTFcJV", "set_at": "2020-11-03T23:02:07.622Z", "confirmed_at": null}}, {"model": "simple_email_confirmation.emailaddress", "pk": 11, "fields": {"user": 103, "email": "reviewer@yamdb.fake", "key": "Sn7RbyROyIDM", "set_at": "2020-11-03T23:02:07.629Z", "confirmed_at": null}}, {"model": "simple_email_confirmation.emailaddress", "pk": 12, "fields": {"user": 104, "email": "angry@yamdb.fake", "key": "WEGw75qmm9Zh", "set_at": "2020-11-03T23:02:07.636Z", "confirmed_at": null}}, {"model": "admin.logentry", "pk": 1, "fields": {"action_time": "2020-11-03T20:48:36.039Z", "user": 1, "content_type": 9, "object_id": "1", "object_repr": "Movies", "action_flag": 1, "change_message": "[{\"added\": {}}]"}}, {"model": "admin.logentry", "pk": 2, "fields": {"action_time": "2020-11-03T20:50:18.913Z", "user": 1, "content_type": 9, "object_id": "2", "object_repr": "TV Shows", "action_flag": 1, "change_message": "[{\"added\": {}}]"}}, {"model": "admin.logentry", "pk": 3, "fields": {"action_time": "2020-11-03T20:52:25.120Z", "user": 1, "content_type": 9, "object_id": "3", "object_repr": "Books", "action_flag": 1, "change_message": "[{\"added\": {}}]"}}, {"model": "admin.logentry", "pk": 4, "fields": {"action_time": "2020-11-03T20:55:34.669Z", "user": 1, "content_type": 10, "object_id": "1", "object_repr": "Fiction", "action_flag": 1, "change_message": "[{\"added\": {}}]"}}, {"model": "admin.logentry", "pk": 5, "fields": {"action_time": "2020-11-03T20:56:18.799Z", "user": 1, "content_type": 10, "object_id": "2", "object_repr": "Novel", "action_flag": 1, "change_message": "[{\"added\": {}}]"}}, {"model": "admin.logentry", "pk": 6, "fields": {"action_time": "2020-11-03T20:56:42.550Z", "user": 1, "content_type": 10, "object_id": "3", "object_repr": "Horror", "action_flag": 1, "change_message": "[{\"added\": {}}]"}}, {"model": "admin.logentry", "pk": 7, "fields": {"action_time": "2020-11-03T20:56:59.064Z", "user": 1, "content_type": 10, "object_id": "4", "object_repr": "Biography", "action_flag": 1, "change_message": "[{\"added\": {}}]"}}, {"model": "admin.logentry", "pk": 8, "fields": {"action_time": "2020-11-03T20:57:16.879Z", "user": 1, "content_type": 10, "object_id": "5", "object_repr": "Thriller", "action_flag": 1, "change_message": "[{\"added\": {}}]"}}, {"model": "admin.logentry", "pk": 9, "fields": {"action_time": "2020-11-03T20:57:28.336Z", "user": 1, "content_type": 10, "object_id": "6", "object_repr": "Mystery", "action_flag": 1, "change_message": "[{\"added\": {}}]"}}, {"model": "admin.logentry", "pk": 10, "fields": {"action_time": "2020-11-03T20:57:42.145Z", "user": 1, "content_type": 10, "object_id": "7", "object_repr": "Drama", "action_flag": 1, "change_message": "[{\"added\": {}}]"}}, {"model": "admin.logentry", "pk": 11, "fields": {"action_time": "2020-11-03T20:58:02.501Z", "user": 1, "content_type": 10, "object_id": "8", "object_repr": "Politics", "action_flag": 1, "change_message": "[{\"added\": {}}]"}}, {"model": "admin.logentry", "pk": 12, "fields": {"action_time": "2020-11-03T21:05:03.951Z", "user": 1, "content_type": 11, "object_id": "1", "object_repr": "Title object (1)", "action_flag": 1, "change_message": "[{\"added\": {}}]"}}, {"model": "admin.logentry", "pk": 13, "fields": {"action_time": "2020-11-03T21:10:13.818Z", "user": 1, "content_type": 11, "object_id": "2", "object_repr": "Title object (2)", "action_flag": 1, "change_message": "[{\"added\": {}}]"}}, {"model": "admin.logentry", "pk": 14, "fields": {"action_time": "2020-11-03T21:12:38.709Z", "user": 1, "content_type": 11, "object_id": "1", "object_repr": "Title object (1)", "action_flag": 2, "change_message": "[{\"changed\": {\"fields\": [\"Title's name\", \"Title description\"]}}]"}}, {"model": "admin.logentry", "pk": 15, "fields": {"action_time": "2020-11-03T21:39:52.668Z", "user": 1, "content_type": 9, "object_id": "3", "object_repr": "Books", "action_flag": 3, "change_message": ""}}, {"model": "admin.logentry", "pk": 16, "fields": {"action_time": "2020-11-03T21:39:52.689Z", "user": 1, "content_type": 9, "object_id": "1", "object_repr": "Movies", "action_flag": 3, "change_message": ""}}, {"model": "admin.logentry", "pk": 17, "fields": {"action_time": "2020-11-03T21:39:52.712Z", "user": 1, "content_type": 9, "object_id": "2", "object_repr": "TV Shows", "action_flag": 3, "change_message": ""}}, {"model": "admin.logentry", "pk": 18, "fields": {"action_time": "2020-11-03T21:41:08.391Z", "user": 1, "content_type": 9, "object_id": "1", "object_repr": "Movie", "action_flag": 1, "change_message": "new through import_export"}}, {"model": "admin.logentry", "pk": 19, "fields": {"action_time": "2020-11-03T21:41:08.411Z", "user": 1, "content_type": 9, "object_id": "2", "object_repr": "Book", "action_flag": 1, "change_message": "new through import_export"}}, {"model": "admin.logentry", "pk": 20, "fields": {"action_time": "2020-11-03T21:41:08.434Z", "user": 1, "content_type": 9, "object_id": "3", "object_repr": "Music", "action_flag": 1, "change_message": "new through import_export"}}, {"model": "admin.logentry", "pk": 21, "fields": {"action_time": "2020-11-03T21:48:19.089Z", "user": 1, "content_type": 10, "object_id": "4", "object_repr": "Biography", "action_flag": 3, "change_message": ""}}, {"model": "admin.logentry", "pk": 22, "fields": {"action_time": "2020-11-03T21:48:19.115Z", "user": 1, "content_type": 10, "object_id": "7", "object_repr": "Drama", "action_flag": 3, "change_message": ""}}, {"model": "admin.logentry", "pk": 23, "fields": {"action_time": "2020-11-03T21:48:19.138Z", "user": 1, "content_type": 10, "object_id": "1", "object_repr": "Fiction", "action_flag": 3, "change_message": ""}}, {"model": "admin.logentry", "pk": 24, "fields": {"action_time": "2020-11-03T21:48:19.157Z", "user": 1, "content_type": 10, "object_id": "3", "object_repr": "Horror", "action_flag": 3, "change_message": ""}}, {"model": "admin.logentry", "pk": 25, "fields": {"action_time": "2020-11-03T21:48:19.181Z", "user": 1, "content_type": 10, "object_id": "6", "object_repr": "Mystery", "action_flag": 3, "change_message": ""}}, {"model": "admin.logentry", "pk": 26, "fields": {"action_time": "2020-11-03T21:48:19.199Z", "user": 1, "content_type": 10, "object_id": "2", "object_repr": "Novel", "action_flag": 3, "change_message": ""}}, {"model": "admin.logentry", "pk": 27, "fields": {"action_time": "2020-11-03T21:48:19.222Z", "user": 1, "content_type": 10, "object_id": "8", "object_repr": "Politics", "action_flag": 3, "change_message": ""}}, {"model": "admin.logentry", "pk": 28, "fields": {"action_time": "2020-11-03T21:48:19.241Z", "user": 1, "content_type": 10, "object_id": "5", "object_repr": "Thriller", "action_flag": 3, "change_message": ""}}, {"model": "admin.logentry", "pk": 29, "fields": {"action_time": "2020-11-03T21:49:42.602Z", "user": 1, "content_type": 10, "object_id": "1", "object_repr": "Drama", "action_flag": 1, "change_message": "new through import_export"}}, {"model": "admin.logentry", "pk": 30, "fields": {"action_time": "2020-11-03T21:49:42.619Z", "user": 1, "content_type": 10, "object_id": "2", "object_repr": "Comedy", "action_flag": 1, "change_message": "new through import_export"}}, {"model": "admin.logentry", "pk": 31, "fields": {"action_time": "2020-11-03T21:49:42.642Z", "user": 1, "content_type": 10, "object_id": "3", "object_repr": "Western", "action_flag": 1, "change_message": "new through import_export"}}, {"model": "admin.logentry", "pk": 32, "fields": {"action_time": "2020-11-03T21:49:42.669Z", "user": 1, "content_type": 10, "object_id": "4", "object_repr": "Fantasy", "action_flag": 1, "change_message": "new through import_export"}}, {"model": "admin.logentry", "pk": 33, "fields": {"action_time": "2020-11-03T21:49:42.692Z", "user": 1, "content_type": 10, "object_id": "5", "object_repr": "Science Fiction", "action_flag": 1, "change_message": "new through import_export"}}, {"model": "admin.logentry", "pk": 34, "fields": {"action_time": "2020-11-03T21:49:42.711Z", "user": 1, "content_type": 10, "object_id": "6", "object_repr": "Detective", "action_flag": 1, "change_message": "new through import_export"}}, {"model": "admin.logentry", "pk": 35, "fields": {"action_time": "2020-11-03T21:49:42.734Z", "user": 1, "content_type": 10, "object_id": "7", "object_repr": "Thriller", "action_flag": 1, "change_message": "new through import_export"}}, {"model": "admin.logentry", "pk": 36, "fields": {"action_time": "2020-11-03T21:49:42.753Z", "user": 1, "content_type": 10, "object_id": "8", "object_repr": "Tale", "action_flag": 1, "change_message": "new through import_export"}}, {"model": "admin.logentry", "pk": 37, "fields": {"action_time": "2020-11-03T21:49:42.776Z", "user": 1, "content_type": 10, "object_id": "9", "object_repr": "Gonzo", "action_flag": 1, "change_message": "new through import_export"}}, {"model": "admin.logentry", "pk": 38, "fields": {"action_time": "2020-11-03T21:49:42.794Z", "user": 1, "content_type": 10, "object_id": "10", "object_repr": "Romance", "action_flag": 1, "change_message": "new through import_export"}}, {"model": "admin.logentry", "pk": 39, "fields": {"action_time": "2020-11-03T21:49:42.817Z", "user": 1, "content_type": 10, "object_id": "11", "object_repr": "Ballad", "action_flag": 1, "change_message": "new through import_export"}}, {"model": "admin.logentry", "pk": 40, "fields": {"action_time": "2020-11-03T21:49:42.836Z", "user": 1, "content_type": 10, "object_id": "12", "object_repr": "Rock-n-roll", "action_flag": 1, "change_message": "new through import_export"}}, {"model": "admin.logentry", "pk": 41, "fields": {"action_time": "2020-11-03T21:49:42.859Z", "user": 1, "content_type": 10, "object_id": "13", "object_repr": "Classic", "action_flag": 1, "change_message": "new through import_export"}}, {"model": "admin.logentry", "pk": 42, "fields": {"action_time": "2020-11-03T21:49:42.878Z", "user": 1, "content_type": 10, "object_id": "14", "object_repr": "Rock", "action_flag": 1, "change_message": "new through import_export"}}, {"model": "admin.logentry", "pk": 43, "fields": {"action_time": "2020-11-03T21:49:42.901Z", "user": 1, "content_type": 10, "object_id": "15", "object_repr": "Chanson", "action_flag": 1, "change_message": "new through import_export"}}, {"model": "admin.logentry", "pk": 44, "fields": {"action_time": "2020-11-03T21:56:49.544Z", "user": 1, "content_type": 11, "object_id": "1", "object_repr": "Title object (1)", "action_flag": 3, "change_message": ""}}, {"model": "admin.logentry", "pk": 45, "fields": {"action_time": "2020-11-03T21:56:49.988Z", "user": 1, "content_type": 11, "object_id": "2", "object_repr": "Title object (2)", "action_flag": 3, "change_message": ""}}, {"model": "admin.logentry", "pk": 46, "fields": {"action_time": "2020-11-03T21:57:02.833Z", "user": 1, "content_type": 11, "object_id": "1", "object_repr": "Title object (1)", "action_flag": 1, "change_message": "new through import_export"}}, {"model": "admin.logentry", "pk": 47, "fields": {"action_time": "2020-11-03T21:57:02.855Z", "user": 1, "content_type": 11, "object_id": "2", "object_repr": "Title object (2)", "action_flag": 1, "change_message": "new through import_export"}}, {"model": "admin.logentry", "pk": 48, "fields": {"action_time": "2020-11-03T21:57:02.875Z", "user": 1, "content_type": 11, "object_id": "3", "object_repr": "Title object (3)", "action_flag": 1, "change_message": "new through import_export"}}, {"model": "admin.logentry", "pk": 49, "fields": {"action_time": "2020-11-03T21:57:02.897Z", "user": 1, "content_type": 11, "object_id": "4", "object_repr": "Title object (4)", "action_flag": 1, "change_message": "new through import_export"}}, {"model": "admin.logentry", "pk": 50, "fields": {"action_time": "2020-11-03T21:57:02.916Z", "user": 1, "content_type": 11, "object_id": "5", "object_repr": "Title object (5)", "action_flag": 1, "change_message": "new through import_export"}}, {"model": "admin.logentry", "pk": 51, "fields": {"action_time": "2020-11-03T21:57:02.939Z", "user": 1, "content_type": 11, "object_id": "6", "object_repr": "Title object (6)", "action_flag": 1, "change_message": "new through import_export"}}, {"model": "admin.logentry", "pk": 52, "fields": {"action_time": "2020-11-03T21:57:02.958Z", "user": 1, "content_type": 11, "object_id": "7", "object_repr": "Title object (7)", "action_flag": 1, "change_message": "new through import_export"}}, {"model": "admin.logentry", "pk": 53, "fields": {"action_time": "2020-11-03T21:57:02.981Z", "user": 1, "content_type": 11, "object_id": "8", "object_repr": "Title object (8)", "action_flag": 1, "change_message": "new through import_export"}}, {"model": "admin.logentry", "pk": 54, "fields": {"action_time": "2020-11-03T21:57:03.000Z", "user": 1, "content_type": 11, "object_id": "9", "object_repr": "Title object (9)", "action_flag": 1, "change_message": "new through import_export"}}, {"model": "admin.logentry", "pk": 55, "fields": {"action_time": "2020-11-03T21:57:03.023Z", "user": 1, "content_type": 11, "object_id": "10", "object_repr": "Title object (10)", "action_flag": 1, "change_message": "new through import_export"}}, {"model": "admin.logentry", "pk": 56, "fields": {"action_time": "2020-11-03T21:57:03.058Z", "user": 1, "content_type": 11, "object_id": "11", "object_repr": "Title object (11)", "action_flag": 1, "change_message": "new through import_export"}}, {"model": "admin.logentry", "pk": 57, "fields": {"action_time": "2020-11-03T21:57:03.080Z", "user": 1, "content_type": 11, "object_id": "12", "object_repr": "Title object (12)", "action_flag": 1, "change_message": "new through import_export"}}, {"model": "admin.logentry", "pk": 58, "fields": {"action_time": "2020-11-03T21:57:03.100Z", "user": 1, "content_type": 11, "object_id": "13", "object_repr": "Title object (13)", "action_flag": 1, "change_message": "new through import_export"}}, {"model": "admin.logentry", "pk": 59, "fields": {"action_time": "2020-11-03T21:57:03.143Z", "user": 1, "content_type": 11, "object_id": "14", "object_repr": "Title object (14)", "action_flag": 1, "change_message": "new through import_export"}}, {"model": "admin.logentry", "pk": 60, "fields": {"action_time": "2020-11-03T21:57:03.173Z", "user": 1, "content_type": 11, "object_id": "15", "object_repr": "Title object (15)", "action_flag": 1, "change_message": "new through import_export"}}, {"model": "admin.logentry", "pk": 61, "fields": {"action_time": "2020-11-03T21:57:03.200Z", "user": 1, "content_type": 11, "object_id": "16", "object_repr": "Title object (16)", "action_flag": 1, "change_message": "new through import_export"}}, {"model": "admin.logentry", "pk": 62, "fields": {"action_time": "2020-11-03T21:57:03.222Z", "user": 1, "content_type": 11, "object_id": "17", "object_repr": "Title object (17)", "action_flag": 1, "change_message": "new through import_export"}}, {"model": "admin.logentry", "pk": 63, "fields": {"action_time": "2020-11-03T21:57:03.242Z", "user": 1, "content_type": 11, "object_id": "18", "object_repr": "Title object (18)", "action_flag": 1, "change_message": "new through import_export"}}, {"model": "admin.logentry", "pk": 64, "fields": {"action_time": "2020-11-03T21:57:03.264Z", "user": 1, "content_type": 11, "object_id": "19", "object_repr": "Title object (19)", "action_flag": 1, "change_message": "new through import_export"}}, {"model": "admin.logentry", "pk": 65, "fields": {"action_time": "2020-11-03T21:57:03.283Z", "user": 1, "content_type": 11, "object_id": "20", "object_repr": "Title object (20)", "action_flag": 1, "change_message": "new through import_export"}}, {"model": "admin.logentry", "pk": 66, "fields": {"action_time": "2020-11-03T21:57:03.306Z", "user": 1, "content_type": 11, "object_id": "21", "object_repr": "Title object (21)", "action_flag": 1, "change_message": "new through import_export"}}, {"model": "admin.logentry", "pk": 67, "fields": {"action_time": "2020-11-03T21:57:03.325Z", "user": 1, "content_type": 11, "object_id": "22", "object_repr": "Title object (22)", "action_flag": 1, "change_message": "new through import_export"}}, {"model": "admin.logentry", "pk": 68, "fields": {"action_time": "2020-11-03T21:57:03.348Z", "user": 1, "content_type": 11, "object_id": "23", "object_repr": "Title object (23)", "action_flag": 1, "change_message": "new through import_export"}}, {"model": "admin.logentry", "pk": 69, "fields": {"action_time": "2020-11-03T21:57:03.367Z", "user": 1, "content_type": 11, "object_id": "24", "object_repr": "Title object (24)", "action_flag": 1, "change_message": "new through import_export"}}, {"model": "admin.logentry", "pk": 70, "fields": {"action_time": "2020-11-03T21:57:03.389Z", "user": 1, "content_type": 11, "object_id": "25", "object_repr": "Title object (25)", "action_flag": 1, "change_message": "new through import_export"}}, {"model": "admin.logentry", "pk": 71, "fields": {"action_time": "2020-11-03T21:57:03.408Z", "user": 1, "content_type": 11, "object_id": "26", "object_repr": "Title object (26)", "action_flag": 1, "change_message": "new through import_export"}}, {"model": "admin.logentry", "pk": 72, "fields": {"action_time": "2020-11-03T21:57:03.431Z", "user": 1, "content_type": 11, "object_id": "27", "object_repr": "Title object (27)", "action_flag": 1, "change_message": "new through import_export"}}, {"model": "admin.logentry", "pk": 73, "fields": {"action_time": "2020-11-03T21:57:03.450Z", "user": 1, "content_type": 11, "object_id": "28", "object_repr": "Title object (28)", "action_flag": 1, "change_message": "new through import_export"}}, {"model": "admin.logentry", "pk": 74, "fields": {"action_time": "2020-11-03T21:57:03.472Z", "user": 1, "content_type": 11, "object_id": "29", "object_repr": "Title object (29)", "action_flag": 1, "change_message": "new through import_export"}}, {"model": "admin.logentry", "pk": 75, "fields": {"action_time": "2020-11-03T21:57:03.491Z", "user": 1, "content_type": 11, "object_id": "30", "object_repr": "Title object (30)", "action_flag": 1, "change_message": "new through import_export"}}, {"model": "admin.logentry", "pk": 76, "fields": {"action_time": "2020-11-03T21:57:03.514Z", "user": 1, "content_type": 11, "object_id": "31", "object_repr": "Title object (31)", "action_flag": 1, "change_message": "new through import_export"}}, {"model": "admin.logentry", "pk": 77, "fields": {"action_time": "2020-11-03T21:57:03.533Z", "user": 1, "content_type": 11, "object_id": "32", "object_repr": "Title object (32)", "action_flag": 1, "change_message": "new through import_export"}}, {"model": "admin.logentry", "pk": 78, "fields": {"action_time": "2020-11-03T22:45:53.134Z", "user": 1, "content_type": 8, "object_id": "2", "object_repr": "bingobongo", "action_flag": 1, "change_message": "[{\"added\": {}}]"}}, {"model": "admin.logentry", "pk": 79, "fields": {"action_time": "2020-11-03T23:00:34.810Z", "user": 1, "content_type": 8, "object_id": "2", "object_repr": "bingobongo", "action_flag": 3, "change_message": ""}}, {"model": "admin.logentry", "pk": 80, "fields": {"action_time": "2020-11-03T23:02:07.722Z", "user": 1, "content_type": 8, "object_id": "100", "object_repr": "bingobongo", "action_flag": 1, "change_message": "new through import_export"}}, {"model": "admin.logentry", "pk": 81, "fields": {"action_time": "2020-11-03T23:02:07.749Z", "user": 1, "content_type": 8, "object_id": "101", "object_repr": "capt_obvious", "action_flag": 1, "change_message": "new through import_export"}}, {"model": "admin.logentry", "pk": 82, "fields": {"action_time": "2020-11-03T23:02:07.772Z", "user": 1, "content_type": 8, "object_id": "102", "object_repr": "faust", "action_flag": 1, "change_message": "new through import_export"}}, {"model": "admin.logentry", "pk": 83, "fields": {"action_time": "2020-11-03T23:02:07.791Z", "user": 1, "content_type": 8, "object_id": "103", "object_repr": "reviewer", "action_flag": 1, "change_message": "new through import_export"}}, {"model": "admin.logentry", "pk": 84, "fields": {"action_time": "2020-11-03T23:02:07.814Z", "user": 1, "content_type": 8, "object_id": "104", "object_repr": "angry", "action_flag": 1, "change_message": "new through import_export"}}, {"model": "admin.logentry", "pk": 85, "fields": {"action_time": "2020-11-03T23:09:21.687Z", "user": 1, "content_type": 11, "object_id": "3", "object_repr": "12 Angry Men", "action_flag": 2, "change_message": "[{\"changed\": {\"fields\": [\"Genre\"]}}]"}}, {"model": "admin.logentry", "pk": 86, "fields": {"action_time": "2020-11-03T23:18:27.751Z", "user": 1, "content_type": 11, "object_id": "3", "object_repr": "12 Angry Men", "action_flag": 3, "change_message": ""}}, {"model": "admin.logentry", "pk": 87, "fields": {"action_time": "2020-11-03T23:18:27.769Z", "user": 1, "content_type": 11, "object_id": "14", "object_repr": "Back to the Future", "action_flag": 3, "change_message": ""}}, {"model": "admin.logentry", "pk": 88, "fields": {"action_time": "2020-11-03T23:18:27.792Z", "user": 1, "content_type": 11, "object_id": "30", "object_repr": "Deep Purple \u2014 Smoke on the Water", "action_flag": 3, "change_message": ""}}, {"model": "admin.logentry", "pk": 89, "fields": {"action_time": "2020-11-03T23:18:27.811Z", "user": 1, "content_type": 11, "object_id": "18", "object_repr": "Django Unchained", "action_flag": 3, "change_message": ""}}, {"model": "admin.logentry", "pk": 90, "fields": {"action_time": "2020-11-03T23:18:27.833Z", "user": 1, "content_type": 11, "object_id": "29", "object_repr": "Elvis Presley - Blue Suede Shoes", "action_flag": 3, "change_message": ""}}, {"model": "admin.logentry", "pk": 91, "fields": {"action_time": "2020-11-03T23:18:27.853Z", "user": 1, "content_type": 11, "object_id": "21", "object_repr": "Fear and Loathing in Las Vegas", "action_flag": 3, "change_message": ""}}, {"model": "admin.logentry", "pk": 92, "fields": {"action_time": "2020-11-03T23:18:27.875Z", "user": 1, "content_type": 11, "object_id": "8", "object_repr": "Fight Club", "action_flag": 3, "change_message": ""}}, {"model": "admin.logentry", "pk": 93, "fields": {"action_time": "2020-11-03T23:18:27.894Z", "user": 1, "content_type": 11, "object_id": "9", "object_repr": "Forrest Gump", "action_flag": 3, "change_message": ""}}, {"model": "admin.logentry", "pk": 94, "fields": {"action_time": "2020-11-03T23:18:27.916Z", "user": 1, "content_type": 11, "object_id": "24", "object_repr": "Generation P", "action_flag": 3, "change_message": ""}}, {"model": "admin.logentry", "pk": 95, "fields": {"action_time": "2020-11-03T23:18:27.936Z", "user": 1, "content_type": 11, "object_id": "19", "object_repr": "Generation P", "action_flag": 3, "change_message": ""}}, {"model": "admin.logentry", "pk": 96, "fields": {"action_time": "2020-11-03T23:18:27.958Z", "user": 1, "content_type": 11, "object_id": "17", "object_repr": "Gentlemen of Fortune", "action_flag": 3, "change_message": ""}}, {"model": "admin.logentry", "pk": 97, "fields": {"action_time": "2020-11-03T23:18:27.978Z", "user": 1, "content_type": 11, "object_id": "28", "object_repr": "Jethro Tull - Aqualung", "action_flag": 3, "change_message": ""}}, {"model": "admin.logentry", "pk": 98, "fields": {"action_time": "2020-11-03T23:18:27.999Z", "user": 1, "content_type": 11, "object_id": "32", "object_repr": "J.S.Bach. Orchestral Suite \u21162 h moll", "action_flag": 3, "change_message": ""}}, {"model": "admin.logentry", "pk": 99, "fields": {"action_time": "2020-11-03T23:18:28.019Z", "user": 1, "content_type": 11, "object_id": "20", "object_repr": "Kolobok", "action_flag": 3, "change_message": ""}}, {"model": "admin.logentry", "pk": 100, "fields": {"action_time": "2020-11-03T23:18:28.042Z", "user": 1, "content_type": 11, "object_id": "27", "object_repr": "Led Zeppelin \u2014 Stairway to Heaven", "action_flag": 3, "change_message": ""}}, {"model": "admin.logentry", "pk": 101, "fields": {"action_time": "2020-11-03T23:18:28.061Z", "user": 1, "content_type": 11, "object_id": "16", "object_repr": "Lock, Stock and Two Smoking Barrels", "action_flag": 3, "change_message": ""}}, {"model": "admin.logentry", "pk": 102, "fields": {"action_time": "2020-11-03T23:18:28.083Z", "user": 1, "content_type": 11, "object_id": "13", "object_repr": "One Flew Over the Cuckoo's Nest", "action_flag": 3, "change_message": ""}}, {"model": "admin.logentry", "pk": 103, "fields": {"action_time": "2020-11-03T23:18:28.103Z", "user": 1, "content_type": 11, "object_id": "15", "object_repr": "Operation Y and Shurik's Other Adventures", "action_flag": 3, "change_message": ""}}, {"model": "admin.logentry", "pk": 104, "fields": {"action_time": "2020-11-03T23:18:28.125Z", "user": 1, "content_type": 11, "object_id": "5", "object_repr": "Pulp Fiction", "action_flag": 3, "change_message": ""}}, {"model": "admin.logentry", "pk": 105, "fields": {"action_time": "2020-11-03T23:18:28.144Z", "user": 1, "content_type": 11, "object_id": "4", "object_repr": "Schindler's List", "action_flag": 3, "change_message": ""}}, {"model": "admin.logentry", "pk": 106, "fields": {"action_time": "2020-11-03T23:18:28.166Z", "user": 1, "content_type": 11, "object_id": "26", "object_repr": "Stas Mihaylov - Call sign of love", "action_flag": 3, "change_message": ""}}, {"model": "admin.logentry", "pk": 107, "fields": {"action_time": "2020-11-03T23:18:28.186Z", "user": 1, "content_type": 11, "object_id": "10", "object_repr": "The Empire Strikes Back", "action_flag": 3, "change_message": ""}}, {"model": "admin.logentry", "pk": 108, "fields": {"action_time": "2020-11-03T23:18:28.208Z", "user": 1, "content_type": 11, "object_id": "2", "object_repr": "The Godfather", "action_flag": 3, "change_message": ""}}, {"model": "admin.logentry", "pk": 109, "fields": {"action_time": "2020-11-03T23:18:28.228Z", "user": 1, "content_type": 11, "object_id": "6", "object_repr": "The Good, the Bad and the Ugly", "action_flag": 3, "change_message": ""}}, {"model": "admin.logentry", "pk": 110, "fields": {"action_time": "2020-11-03T23:18:28.250Z", "user": 1, "content_type": 11, "object_id": "7", "object_repr": "The Lord of the Rings: The Fellowship of the Ring", "action_flag": 3, "change_message": ""}}, {"model": "admin.logentry", "pk": 111, "fields": {"action_time": "2020-11-03T23:18:28.269Z", "user": 1, "content_type": 11, "object_id": "11", "object_repr": "The Lord of the Rings: The Two Towers", "action_flag": 3, "change_message": ""}}, {"model": "admin.logentry", "pk": 112, "fields": {"action_time": "2020-11-03T23:18:28.291Z", "user": 1, "content_type": 11, "object_id": "12", "object_repr": "The Matrix", "action_flag": 3, "change_message": ""}}, {"model": "admin.logentry", "pk": 113, "fields": {"action_time": "2020-11-03T23:18:28.311Z", "user": 1, "content_type": 11, "object_id": "1", "object_repr": "The Shawshank Redemption", "action_flag": 3, "change_message": ""}}, {"model": "admin.logentry", "pk": 114, "fields": {"action_time": "2020-11-03T23:18:28.333Z", "user": 1, "content_type": 11, "object_id": "23", "object_repr": "Ulysses", "action_flag": 3, "change_message": ""}}, {"model": "admin.logentry", "pk": 115, "fields": {"action_time": "2020-11-03T23:18:28.353Z", "user": 1, "content_type": 11, "object_id": "31", "object_repr": "W. A. Mozart - Turkish March", "action_flag": 3, "change_message": ""}}, {"model": "admin.logentry", "pk": 116, "fields": {"action_time": "2020-11-03T23:18:28.375Z", "user": 1, "content_type": 11, "object_id": "22", "object_repr": "War and Peace", "action_flag": 3, "change_message": ""}}, {"model": "admin.logentry", "pk": 117, "fields": {"action_time": "2020-11-03T23:18:28.395Z", "user": 1, "content_type": 11, "object_id": "25", "object_repr": "Winnie-the-Pooh", "action_flag": 3, "change_message": ""}}, {"model": "admin.logentry", "pk": 118, "fields": {"action_time": "2020-11-03T23:30:02.531Z", "user": 1, "content_type": 11, "object_id": "1", "object_repr": "The Shawshank Redemption", "action_flag": 1, "change_message": "new through import_export"}}, {"model": "admin.logentry", "pk": 119, "fields": {"action_time": "2020-11-03T23:30:02.550Z", "user": 1, "content_type": 11, "object_id": "2", "object_repr": "The Godfather", "action_flag": 1, "change_message": "new through import_export"}}, {"model": "admin.logentry", "pk": 120, "fields": {"action_time": "2020-11-03T23:30:02.572Z", "user": 1, "content_type": 11, "object_id": "3", "object_repr": "12 Angry Men", "action_flag": 1, "change_message": "new through import_export"}}, {"model": "admin.logentry", "pk": 121, "fields": {"action_time": "2020-11-03T23:30:02.592Z", "user": 1, "content_type": 11, "object_id": "4", "object_repr": "Schindler's List", "action_flag": 1, "change_message": "new through import_export"}}, {"model": "admin.logentry", "pk": 122, "fields": {"action_time": "2020-11-03T23:30:02.612Z", "user": 1, "content_type": 11, "object_id": "5", "object_repr": "Pulp Fiction", "action_flag": 1, "change_message": "new through import_export"}}, {"model": "admin.logentry", "pk": 123, "fields": {"action_time": "2020-11-03T23:30:02.633Z", "user": 1, "content_type": 11, "object_id": "6", "object_repr": "The Good, the Bad and the Ugly", "action_flag": 1, "change_message": "new through import_export"}}, {"model": "admin.logentry", "pk": 124, "fields": {"action_time": "2020-11-03T23:30:02.665Z", "user": 1, "content_type": 11, "object_id": "7", "object_repr": "The Lord of the Rings: The Fellowship of the Ring", "action_flag": 1, "change_message": "new through import_export"}}, {"model": "admin.logentry", "pk": 125, "fields": {"action_time": "2020-11-03T23:30:02.729Z", "user": 1, "content_type": 11, "object_id": "8", "object_repr": "Fight Club", "action_flag": 1, "change_message": "new through import_export"}}, {"model": "admin.logentry", "pk": 126, "fields": {"action_time": "2020-11-03T23:30:02.784Z", "user": 1, "content_type": 11, "object_id": "9", "object_repr": "Forrest Gump", "action_flag": 1, "change_message": "new through import_export"}}, {"model": "admin.logentry", "pk": 127, "fields": {"action_time": "2020-11-03T23:30:02.805Z", "user": 1, "content_type": 11, "object_id": "10", "object_repr": "The Empire Strikes Back", "action_flag": 1, "change_message": "new through import_export"}}, {"model": "admin.logentry", "pk": 128, "fields": {"action_time": "2020-11-03T23:30:02.826Z", "user": 1, "content_type": 11, "object_id": "11", "object_repr": "The Lord of the Rings: The Two Towers", "action_flag": 1, "change_message": "new through import_export"}}, {"model": "admin.logentry", "pk": 129, "fields": {"action_time": "2020-11-03T23:30:02.847Z", "user": 1, "content_type": 11, "object_id": "12", "object_repr": "The Matrix", "action_flag": 1, "change_message": "new through import_export"}}, {"model": "admin.logentry", "pk": 130, "fields": {"action_time": "2020-11-03T23:30:02.868Z", "user": 1, "content_type": 11, "object_id": "13", "object_repr": "One Flew Over the Cuckoo's Nest", "action_flag": 1, "change_message": "new through import_export"}}, {"model": "admin.logentry", "pk": 131, "fields": {"action_time": "2020-11-03T23:30:02.888Z", "user": 1, "content_type": 11, "object_id": "14", "object_repr": "Back to the Future", "action_flag": 1, "change_message": "new through import_export"}}, {"model": "admin.logentry", "pk": 132, "fields": {"action_time": "2020-11-03T23:30:02.910Z", "user": 1, "content_type": 11, "object_id": "15", "object_repr": "Operation Y and Shurik's Other Adventures", "action_flag": 1, "change_message": "new through import_export"}}, {"model": "admin.logentry", "pk": 133, "fields": {"action_time": "2020-11-03T23:30:02.930Z", "user": 1, "content_type": 11, "object_id": "16", "object_repr": "Lock, Stock and Two Smoking Barrels", "action_flag": 1, "change_message": "new through import_export"}}, {"model": "admin.logentry", "pk": 134, "fields": {"action_time": "2020-11-03T23:30:02.951Z", "user": 1, "content_type": 11, "object_id": "17", "object_repr": "Gentlemen of Fortune", "action_flag": 1, "change_message": "new through import_export"}}, {"model": "admin.logentry", "pk": 135, "fields": {"action_time": "2020-11-03T23:30:02.972Z", "user": 1, "content_type": 11, "object_id": "18", "object_repr": "Django Unchained", "action_flag": 1, "change_message": "new through import_export"}}, {"model": "admin.logentry", "pk": 136, "fields": {"action_time": "2020-11-03T23:30:02.993Z", "user": 1, "content_type": 11, "object_id": "19", "object_repr": "Generation P", "action_flag": 1, "change_message": "new through import_export"}}, {"model": "admin.logentry", "pk": 137, "fields": {"action_time": "2020-11-03T23:30:03.013Z", "user": 1, "content_type": 11, "object_id": "20", "object_repr": "Kolobok", "action_flag": 1, "change_message": "new through import_export"}}, {"model": "admin.logentry", "pk": 138, "fields": {"action_time": "2020-11-03T23:30:03.034Z", "user": 1, "content_type": 11, "object_id": "21", "object_repr": "Fear and Loathing in Las Vegas", "action_flag": 1, "change_message": "new through import_export"}}, {"model": "admin.logentry", "pk": 139, "fields": {"action_time": "2020-11-03T23:30:03.056Z", "user": 1, "content_type": 11, "object_id": "22", "object_repr": "War and Peace", "action_flag": 1, "change_message": "new through import_export"}}, {"model": "admin.logentry", "pk": 140, "fields": {"action_time": "2020-11-03T23:30:03.076Z", "user": 1, "content_type": 11, "object_id": "23", "object_repr": "Ulysses", "action_flag": 1, "change_message": "new through import_export"}}, {"model": "admin.logentry", "pk": 141, "fields": {"action_time": "2020-11-03T23:30:03.097Z", "user": 1, "content_type": 11, "object_id": "24", "object_repr": "Generation P", "action_flag": 1, "change_message": "new through import_export"}}, {"model": "admin.logentry", "pk": 142, "fields": {"action_time": "2020-11-03T23:30:03.118Z", "user": 1, "content_type": 11, "object_id": "25", "object_repr": "Winnie-the-Pooh", "action_flag": 1, "change_message": "new through import_export"}}, {"model": "admin.logentry", "pk": 143, "fields": {"action_time": "2020-11-03T23:30:03.138Z", "user": 1, "content_type": 11, "object_id": "26", "object_repr": "Stas Mihaylov - Call sign of love", "action_flag": 1, "change_message": "new through import_export"}}, {"model": "admin.logentry", "pk": 144, "fields": {"action_time": "2020-11-03T23:30:03.159Z", "user": 1, "content_type": 11, "object_id": "27", "object_repr": "Led Zeppelin \u2014 Stairway to Heaven", "action_flag": 1, "change_message": "new through import_export"}}, {"model": "admin.logentry", "pk": 145, "fields": {"action_time": "2020-11-03T23:30:03.179Z", "user": 1, "content_type": 11, "object_id": "28", "object_repr": "Jethro Tull - Aqualung", "action_flag": 1, "change_message": "new through import_export"}}, {"model": "admin.logentry", "pk": 146, "fields": {"action_time": "2020-11-03T23:30:03.200Z", "user": 1, "content_type": 11, "object_id": "29", "object_repr": "Elvis Presley - Blue Suede Shoes", "action_flag": 1, "change_message": "new through import_export"}}, {"model": "admin.logentry", "pk": 147, "fields": {"action_time": "2020-11-03T23:30:03.221Z", "user": 1, "content_type": 11, "object_id": "30", "object_repr": "Deep Purple \u2014 Smoke on the Water", "action_flag": 1, "change_message": "new through import_export"}}, {"model": "admin.logentry", "pk": 148, "fields": {"action_time": "2020-11-03T23:30:03.243Z", "user": 1, "content_type": 11, "object_id": "31", "object_repr": "W. A. Mozart - Turkish March", "action_flag": 1, "change_message": "new through import_export"}}, {"model": "admin.logentry", "pk": 149, "fields": {"action_time": "2020-11-03T23:30:03.264Z", "user": 1, "content_type": 11, "object_id": "32", "object_repr": "J.S.Bach. Orchestral Suite \u21162 h moll", "action_flag": 1, "change_message": "new through import_export"}}, {"model": "admin.logentry", "pk": 150, "fields": {"action_time": "2020-11-03T23:38:47.665Z", "user": 1, "content_type": 12, "object_id": "1", "object_repr": "I give ten", "action_flag": 1, "change_message": "new through import_export"}}, {"model": "admin.logentry", "pk": 151, "fields": {"action_time": "2020-11-03T23:38:47.703Z", "user": 1, "content_type": 12, "object_id": "2", "object_repr": "Don't get ", "action_flag": 1, "change_message": "new through import_export"}}, {"model": "admin.logentry", "pk": 152, "fields": {"action_time": "2020-11-03T23:38:47.748Z", "user": 1, "content_type": 12, "object_id": "3", "object_repr": "The film, ", "action_flag": 1, "change_message": "new through import_export"}}, {"model": "admin.logentry", "pk": 153, "fields": {"action_time": "2020-11-03T23:38:47.768Z", "user": 1, "content_type": 12, "object_id": "4", "object_repr": "Cruel, cru", "action_flag": 1, "change_message": "new through import_export"}}, {"model": "admin.logentry", "pk": 154, "fields": {"action_time": "2020-11-03T23:38:47.790Z", "user": 1, "content_type": 12, "object_id": "5", "object_repr": "These are ", "action_flag": 1, "change_message": "new through import_export"}}, {"model": "admin.logentry", "pk": 155, "fields": {"action_time": "2020-11-03T23:38:47.810Z", "user": 1, "content_type": 12, "object_id": "6", "object_repr": "\u0412\u0441\u0451, \u043a\u0430\u043a \u0432", "action_flag": 1, "change_message": "new through import_export"}}, {"model": "admin.logentry", "pk": 156, "fields": {"action_time": "2020-11-03T23:38:47.831Z", "user": 1, "content_type": 12, "object_id": "7", "object_repr": "\u041d\u0438\u0447\u0435\u0433\u043e \u043d\u0435 ", "action_flag": 1, "change_message": "new through import_export"}}, {"model": "admin.logentry", "pk": 157, "fields": {"action_time": "2020-11-03T23:38:47.852Z", "user": 1, "content_type": 12, "object_id": "8", "object_repr": "\u041e\u0447\u0435\u043d\u044c \u043f\u043e\u0443\u0447", "action_flag": 1, "change_message": "new through import_export"}}, {"model": "admin.logentry", "pk": 158, "fields": {"action_time": "2020-11-03T23:38:47.873Z", "user": 1, "content_type": 12, "object_id": "9", "object_repr": "\u041f\u043e\u0441\u043c\u043e\u0442\u0440\u0435\u043b ", "action_flag": 1, "change_message": "new through import_export"}}, {"model": "admin.logentry", "pk": 159, "fields": {"action_time": "2020-11-03T23:38:47.893Z", "user": 1, "content_type": 12, "object_id": "10", "object_repr": "\u0412\u0435\u0447\u043d\u0430\u044f \u043f\u0440\u043e", "action_flag": 1, "change_message": "new through import_export"}}, {"model": "admin.logentry", "pk": 160, "fields": {"action_time": "2020-11-03T23:38:47.914Z", "user": 1, "content_type": 12, "object_id": "11", "object_repr": "\u0424\u0438\u043b\u044c\u043c \u043f\u0440\u043e ", "action_flag": 1, "change_message": "new through import_export"}}, {"model": "admin.logentry", "pk": 161, "fields": {"action_time": "2020-11-03T23:38:47.934Z", "user": 1, "content_type": 12, "object_id": "12", "object_repr": "\u041d\u0435\u0434\u0430\u0432\u043d\u043e \u0438\u043c", "action_flag": 1, "change_message": "new through import_export"}}, {"model": "admin.logentry", "pk": 162, "fields": {"action_time": "2020-11-03T23:38:47.955Z", "user": 1, "content_type": 12, "object_id": "13", "object_repr": "\u0412\u0435\u043b\u0438\u043a\u0438\u0439 \u0444\u0438", "action_flag": 1, "change_message": "new through import_export"}}, {"model": "admin.logentry", "pk": 163, "fields": {"action_time": "2020-11-03T23:38:47.976Z", "user": 1, "content_type": 12, "object_id": "14", "object_repr": "\u0411\u0443\u0434\u0443\u0449\u0435\u0435 \u0432\u044b", "action_flag": 1, "change_message": "new through import_export"}}, {"model": "admin.logentry", "pk": 164, "fields": {"action_time": "2020-11-03T23:38:47.997Z", "user": 1, "content_type": 12, "object_id": "15", "object_repr": "\u041d\u0435\u0443\u0436\u0435\u043b\u0438 \u0438\u0437", "action_flag": 1, "change_message": "new through import_export"}}, {"model": "admin.logentry", "pk": 165, "fields": {"action_time": "2020-11-03T23:38:48.018Z", "user": 1, "content_type": 12, "object_id": "16", "object_repr": "\u0421\u0445\u043e\u0434\u0438\u043b\u0430 \u0432 ", "action_flag": 1, "change_message": "new through import_export"}}, {"model": "admin.logentry", "pk": 166, "fields": {"action_time": "2020-11-03T23:38:48.039Z", "user": 1, "content_type": 12, "object_id": "17", "object_repr": "\u0421\u043c\u043e\u0442\u0440\u0435\u043b, \u043d", "action_flag": 1, "change_message": "new through import_export"}}, {"model": "admin.logentry", "pk": 167, "fields": {"action_time": "2020-11-03T23:38:48.059Z", "user": 1, "content_type": 12, "object_id": "18", "object_repr": "\u0421\u043a\u0430\u0447\u0430\u043b, \u043f\u043e", "action_flag": 1, "change_message": "new through import_export"}}, {"model": "admin.logentry", "pk": 168, "fields": {"action_time": "2020-11-03T23:38:48.080Z", "user": 1, "content_type": 12, "object_id": "19", "object_repr": "\u041f\u043e\u0441\u043c\u043e\u0442\u0440\u0435\u043b.", "action_flag": 1, "change_message": "new through import_export"}}, {"model": "admin.logentry", "pk": 169, "fields": {"action_time": "2020-11-03T23:38:48.101Z", "user": 1, "content_type": 12, "object_id": "20", "object_repr": "\u0421\u043a\u0430\u0436\u0443 \u0442\u0435\u043c,", "action_flag": 1, "change_message": "new through import_export"}}, {"model": "admin.logentry", "pk": 170, "fields": {"action_time": "2020-11-03T23:38:48.122Z", "user": 1, "content_type": 12, "object_id": "21", "object_repr": "\u0421\u043a\u0430\u0447\u0430\u043b, \u043f\u043e", "action_flag": 1, "change_message": "new through import_export"}}, {"model": "admin.logentry", "pk": 171, "fields": {"action_time": "2020-11-03T23:38:48.143Z", "user": 1, "content_type": 12, "object_id": "22", "object_repr": "\u041c\u043d\u0435 \u043a\u0430\u0436\u0435\u0442\u0441", "action_flag": 1, "change_message": "new through import_export"}}, {"model": "admin.logentry", "pk": 172, "fields": {"action_time": "2020-11-03T23:38:48.165Z", "user": 1, "content_type": 12, "object_id": "23", "object_repr": "\u041f\u043e\u0441\u043c\u043e\u0442\u0440\u0435\u043b\u0430", "action_flag": 1, "change_message": "new through import_export"}}, {"model": "admin.logentry", "pk": 173, "fields": {"action_time": "2020-11-03T23:38:48.223Z", "user": 1, "content_type": 12, "object_id": "24", "object_repr": "\u0412\u0441\u0435 \u043e\u0447\u0435\u043d\u044c ", "action_flag": 1, "change_message": "new through import_export"}}, {"model": "admin.logentry", "pk": 174, "fields": {"action_time": "2020-11-03T23:38:48.243Z", "user": 1, "content_type": 12, "object_id": "25", "object_repr": "\u041e\u0442\u0441\u0442\u043e\u0439-\u0444\u0438\u043b", "action_flag": 1, "change_message": "new through import_export"}}, {"model": "admin.logentry", "pk": 175, "fields": {"action_time": "2020-11-03T23:38:48.264Z", "user": 1, "content_type": 12, "object_id": "26", "object_repr": "\u0414\u043b\u044f \u043b\u044e\u0434\u0435\u0439,", "action_flag": 1, "change_message": "new through import_export"}}, {"model": "admin.logentry", "pk": 176, "fields": {"action_time": "2020-11-03T23:38:48.285Z", "user": 1, "content_type": 12, "object_id": "27", "object_repr": "\u041f\u0435\u0440\u0432\u044b\u0439 \u0440\u0430\u0437", "action_flag": 1, "change_message": "new through import_export"}}, {"model": "admin.logentry", "pk": 177, "fields": {"action_time": "2020-11-03T23:38:48.306Z", "user": 1, "content_type": 12, "object_id": "28", "object_repr": "2 \u0447\u0430\u0441\u0430 \u0441\u043c\u043e", "action_flag": 1, "change_message": "new through import_export"}}, {"model": "admin.logentry", "pk": 178, "fields": {"action_time": "2020-11-03T23:38:48.326Z", "user": 1, "content_type": 12, "object_id": "29", "object_repr": "\u0414\u0435\u0439\u0441\u0442\u0432\u0438\u044f \u043f", "action_flag": 1, "change_message": "new through import_export"}}, {"model": "admin.logentry", "pk": 179, "fields": {"action_time": "2020-11-03T23:38:48.348Z", "user": 1, "content_type": 12, "object_id": "30", "object_repr": "\u041b\u0443\u0447\u0448\u0438\u0439 \u0444\u0438\u043b", "action_flag": 1, "change_message": "new through import_export"}}, {"model": "admin.logentry", "pk": 180, "fields": {"action_time": "2020-11-03T23:38:48.368Z", "user": 1, "content_type": 12, "object_id": "31", "object_repr": "\u0422\u0443\u043f\u0435\u0435 \u043d\u0435 \u0432", "action_flag": 1, "change_message": "new through import_export"}}, {"model": "admin.logentry", "pk": 181, "fields": {"action_time": "2020-11-03T23:38:48.389Z", "user": 1, "content_type": 12, "object_id": "32", "object_repr": "\u0424\u0438\u043b\u044c\u043c \u0438\u043d\u0442\u0435", "action_flag": 1, "change_message": "new through import_export"}}, {"model": "admin.logentry", "pk": 182, "fields": {"action_time": "2020-11-03T23:38:48.409Z", "user": 1, "content_type": 12, "object_id": "33", "object_repr": "\u0421\u0430\u043c\u0430\u044f \u0441\u0438\u043b\u044c", "action_flag": 1, "change_message": "new through import_export"}}, {"model": "admin.logentry", "pk": 183, "fields": {"action_time": "2020-11-03T23:38:48.432Z", "user": 1, "content_type": 12, "object_id": "34", "object_repr": "\u0421 \u043e\u0433\u0440\u043e\u043c\u043d\u044b\u043c", "action_flag": 1, "change_message": "new through import_export"}}, {"model": "admin.logentry", "pk": 184, "fields": {"action_time": "2020-11-03T23:38:48.451Z", "user": 1, "content_type": 12, "object_id": "35", "object_repr": "\u0427\u0442\u043e \u0441\u043a\u0430\u0437\u0430\u0442", "action_flag": 1, "change_message": "new through import_export"}}, {"model": "admin.logentry", "pk": 185, "fields": {"action_time": "2020-11-03T23:38:48.472Z", "user": 1, "content_type": 12, "object_id": "36", "object_repr": "\u0425\u043e\u0442\u0435\u043b\u043e\u0441\u044c \u0443", "action_flag": 1, "change_message": "new through import_export"}}, {"model": "admin.logentry", "pk": 186, "fields": {"action_time": "2020-11-03T23:38:48.492Z", "user": 1, "content_type": 12, "object_id": "37", "object_repr": "\u0424\u0438\u043b\u044c\u043c \u0441\u0442\u043e\u0438", "action_flag": 1, "change_message": "new through import_export"}}, {"model": "admin.logentry", "pk": 187, "fields": {"action_time": "2020-11-03T23:38:48.514Z", "user": 1, "content_type": 12, "object_id": "38", "object_repr": "\u041c\u0443\u0442\u043e\u0440\u043d\u043e \u0438 ", "action_flag": 1, "change_message": "new through import_export"}}, {"model": "admin.logentry", "pk": 188, "fields": {"action_time": "2020-11-03T23:38:48.534Z", "user": 1, "content_type": 12, "object_id": "39", "object_repr": "The film d", "action_flag": 1, "change_message": "new through import_export"}}, {"model": "admin.logentry", "pk": 189, "fields": {"action_time": "2020-11-03T23:38:48.555Z", "user": 1, "content_type": 12, "object_id": "40", "object_repr": "I liked th", "action_flag": 1, "change_message": "new through import_export"}}, {"model": "admin.logentry", "pk": 190, "fields": {"action_time": "2020-11-03T23:38:48.576Z", "user": 1, "content_type": 12, "object_id": "41", "object_repr": "Waste of t", "action_flag": 1, "change_message": "new through import_export"}}, {"model": "admin.logentry", "pk": 191, "fields": {"action_time": "2020-11-03T23:38:48.597Z", "user": 1, "content_type": 12, "object_id": "42", "object_repr": "After watc", "action_flag": 1, "change_message": "new through import_export"}}, {"model": "admin.logentry", "pk": 192, "fields": {"action_time": "2020-11-03T23:38:48.618Z", "user": 1, "content_type": 12, "object_id": "43", "object_repr": "The movie ", "action_flag": 1, "change_message": "new through import_export"}}, {"model": "admin.logentry", "pk": 193, "fields": {"action_time": "2020-11-03T23:38:48.639Z", "user": 1, "content_type": 12, "object_id": "44", "object_repr": "If this ge", "action_flag": 1, "change_message": "new through import_export"}}, {"model": "admin.logentry", "pk": 194, "fields": {"action_time": "2020-11-03T23:38:48.677Z", "user": 1, "content_type": 12, "object_id": "45", "object_repr": "Plot, thou", "action_flag": 1, "change_message": "new through import_export"}}, {"model": "admin.logentry", "pk": 195, "fields": {"action_time": "2020-11-03T23:38:48.701Z", "user": 1, "content_type": 12, "object_id": "46", "object_repr": "Disappoint", "action_flag": 1, "change_message": "new through import_export"}}, {"model": "admin.logentry", "pk": 196, "fields": {"action_time": "2020-11-03T23:38:48.722Z", "user": 1, "content_type": 12, "object_id": "47", "object_repr": "Unbelievab", "action_flag": 1, "change_message": "new through import_export"}}, {"model": "admin.logentry", "pk": 197, "fields": {"action_time": "2020-11-03T23:38:48.742Z", "user": 1, "content_type": 12, "object_id": "48", "object_repr": "It is an i", "action_flag": 1, "change_message": "new through import_export"}}, {"model": "admin.logentry", "pk": 198, "fields": {"action_time": "2020-11-03T23:38:48.764Z", "user": 1, "content_type": 12, "object_id": "49", "object_repr": "I closely ", "action_flag": 1, "change_message": "new through import_export"}}, {"model": "admin.logentry", "pk": 199, "fields": {"action_time": "2020-11-03T23:38:48.784Z", "user": 1, "content_type": 12, "object_id": "50", "object_repr": "I'm kolobo", "action_flag": 1, "change_message": "new through import_export"}}, {"model": "admin.logentry", "pk": 200, "fields": {"action_time": "2020-11-03T23:38:48.806Z", "user": 1, "content_type": 12, "object_id": "51", "object_repr": "I read fro", "action_flag": 1, "change_message": "new through import_export"}}, {"model": "admin.logentry", "pk": 201, "fields": {"action_time": "2020-11-03T23:38:48.827Z", "user": 1, "content_type": 12, "object_id": "52", "object_repr": "Harsh Amer", "action_flag": 1, "change_message": "new through import_export"}}, {"model": "admin.logentry", "pk": 202, "fields": {"action_time": "2020-11-03T23:38:48.848Z", "user": 1, "content_type": 12, "object_id": "53", "object_repr": "ALotofLEtt", "action_flag": 1, "change_message": "new through import_export"}}, {"model": "admin.logentry", "pk": 203, "fields": {"action_time": "2020-11-03T23:38:48.868Z", "user": 1, "content_type": 12, "object_id": "54", "object_repr": "If this ge", "action_flag": 1, "change_message": "new through import_export"}}, {"model": "admin.logentry", "pk": 204, "fields": {"action_time": "2020-11-03T23:38:48.890Z", "user": 1, "content_type": 12, "object_id": "55", "object_repr": "I read War", "action_flag": 1, "change_message": "new through import_export"}}, {"model": "admin.logentry", "pk": 205, "fields": {"action_time": "2020-11-03T23:38:48.910Z", "user": 1, "content_type": 12, "object_id": "56", "object_repr": "WTF??", "action_flag": 1, "change_message": "new through import_export"}}, {"model": "admin.logentry", "pk": 206, "fields": {"action_time": "2020-11-03T23:38:48.931Z", "user": 1, "content_type": 12, "object_id": "57", "object_repr": "What the h", "action_flag": 1, "change_message": "new through import_export"}}, {"model": "admin.logentry", "pk": 207, "fields": {"action_time": "2020-11-03T23:38:48.951Z", "user": 1, "content_type": 12, "object_id": "58", "object_repr": "I couldn't", "action_flag": 1, "change_message": "new through import_export"}}, {"model": "admin.logentry", "pk": 208, "fields": {"action_time": "2020-11-03T23:38:48.973Z", "user": 1, "content_type": 12, "object_id": "59", "object_repr": "What was t", "action_flag": 1, "change_message": "new through import_export"}}, {"model": "admin.logentry", "pk": 209, "fields": {"action_time": "2020-11-03T23:38:49.002Z", "user": 1, "content_type": 12, "object_id": "60", "object_repr": "I will not", "action_flag": 1, "change_message": "new through import_export"}}, {"model": "admin.logentry", "pk": 210, "fields": {"action_time": "2020-11-03T23:38:49.031Z", "user": 1, "content_type": 12, "object_id": "61", "object_repr": "One day fi", "action_flag": 1, "change_message": "new through import_export"}}, {"model": "admin.logentry", "pk": 211, "fields": {"action_time": "2020-11-03T23:38:49.051Z", "user": 1, "content_type": 12, "object_id": "62", "object_repr": "Odyssey wi", "action_flag": 1, "change_message": "new through import_export"}}, {"model": "admin.logentry", "pk": 212, "fields": {"action_time": "2020-11-03T23:38:49.072Z", "user": 1, "content_type": 12, "object_id": "63", "object_repr": "It cannot ", "action_flag": 1, "change_message": "new through import_export"}}, {"model": "admin.logentry", "pk": 213, "fields": {"action_time": "2020-11-03T23:38:49.093Z", "user": 1, "content_type": 12, "object_id": "64", "object_repr": "Everything", "action_flag": 1, "change_message": "new through import_export"}}, {"model": "admin.logentry", "pk": 214, "fields": {"action_time": "2020-11-03T23:38:49.114Z", "user": 1, "content_type": 12, "object_id": "65", "object_repr": "If I could", "action_flag": 1, "change_message": "new through import_export"}}, {"model": "admin.logentry", "pk": 215, "fields": {"action_time": "2020-11-03T23:38:49.134Z", "user": 1, "content_type": 12, "object_id": "66", "object_repr": "This is ju", "action_flag": 1, "change_message": "new through import_export"}}, {"model": "admin.logentry", "pk": 216, "fields": {"action_time": "2020-11-03T23:38:49.155Z", "user": 1, "content_type": 12, "object_id": "67", "object_repr": "Listen and", "action_flag": 1, "change_message": "new through import_export"}}, {"model": "admin.logentry", "pk": 217, "fields": {"action_time": "2020-11-03T23:38:49.222Z", "user": 1, "content_type": 12, "object_id": "68", "object_repr": "Some kind ", "action_flag": 1, "change_message": "new through import_export"}}, {"model": "admin.logentry", "pk": 218, "fields": {"action_time": "2020-11-03T23:38:49.277Z", "user": 1, "content_type": 12, "object_id": "69", "object_repr": "Nothing is", "action_flag": 1, "change_message": "new through import_export"}}, {"model": "admin.logentry", "pk": 219, "fields": {"action_time": "2020-11-03T23:38:49.310Z", "user": 1, "content_type": 12, "object_id": "70", "object_repr": "Ian Anders", "action_flag": 1, "change_message": "new through import_export"}}, {"model": "admin.logentry", "pk": 220, "fields": {"action_time": "2020-11-03T23:38:49.331Z", "user": 1, "content_type": 12, "object_id": "71", "object_repr": "Is it real", "action_flag": 1, "change_message": "new through import_export"}}, {"model": "admin.logentry", "pk": 221, "fields": {"action_time": "2020-11-03T23:38:49.351Z", "user": 1, "content_type": 12, "object_id": "72", "object_repr": "We were ju", "action_flag": 1, "change_message": "new through import_export"}}, {"model": "admin.logentry", "pk": 222, "fields": {"action_time": "2020-11-03T23:38:49.373Z", "user": 1, "content_type": 12, "object_id": "73", "object_repr": "This is th", "action_flag": 1, "change_message": "new through import_export"}}, {"model": "admin.logentry", "pk": 223, "fields": {"action_time": "2020-11-03T23:38:49.393Z", "user": 1, "content_type": 12, "object_id": "74", "object_repr": "Weird: Moz", "action_flag": 1, "change_message": "new through import_export"}}, {"model": "admin.logentry", "pk": 224, "fields": {"action_time": "2020-11-03T23:38:49.415Z", "user": 1, "content_type": 12, "object_id": "75", "object_repr": "Bach forev", "action_flag": 1, "change_message": "new through import_export"}}, {"model": "admin.logentry", "pk": 225, "fields": {"action_time": "2020-11-03T23:42:54.933Z", "user": 1, "content_type": 13, "object_id": "1", "object_repr": "\u041d\u0438\u0447\u0435\u0433\u043e \u043f\u043e\u0434", "action_flag": 1, "change_message": "new through import_export"}}, {"model": "admin.logentry", "pk": 226, "fields": {"action_time": "2020-11-03T23:42:55.001Z", "user": 1, "content_type": 13, "object_id": "2", "object_repr": "\u041d\u0443 \u043d\u0430\u0434\u043e \u0436\u0435", "action_flag": 1, "change_message": "new through import_export"}}, {"model": "admin.logentry", "pk": 227, "fields": {"action_time": "2020-11-03T23:42:55.029Z", "user": 1, "content_type": 13, "object_id": "3", "object_repr": "\u041a\u0441\u0442\u0430\u0442\u0438, \u0430 ", "action_flag": 1, "change_message": "new through import_export"}}, {"model": "admin.logentry", "pk": 228, "fields": {"action_time": "2020-11-03T23:42:55.048Z", "user": 1, "content_type": 13, "object_id": "4", "object_repr": "\u0412\u043e\u0442 \u044d\u0442\u043e \u0434\u0430", "action_flag": 1, "change_message": "new through import_export"}}, {"model": "admin.logentry", "pk": 229, "fields": {"action_time": "2020-11-03T23:42:55.069Z", "user": 1, "content_type": 13, "object_id": "5", "object_repr": "\u041f\u043e\u0447\u0435\u043c\u0443 \u043e\u0431\u044f", "action_flag": 1, "change_message": "new through import_export"}}]